timestamp_utc,trip_id,tren,fecha_tren,estado,retraso_seg,retraso_min
2026-04-23T02:30:31Z,1010J20203C4a,1010J,,SCHEDULED,-120,-2.0
2026-04-23T02:40:19Z,1010J20203C4a,1010J,,SCHEDULED,-60,-1.0
2026-04-23T02:45:21Z,1010J20203C4a,1010J,,SCHEDULED,-60,-1.0
2026-04-23T02:50:19Z,5110J78280R2,5110J,,SCHEDULED,240,4.0
2026-04-23T02:50:19Z,1010J20203C4a,1010J,,SCHEDULED,-60,-1.0
2026-04-23T02:55:19Z,1010J20203C4a,1010J,,SCHEDULED,-60,-1.0
2026-04-23T03:00:41Z,6110J32769C1,6110J,,SCHEDULED,60,1.0
2026-04-23T03:00:41Z,1010J20203C4a,1010J,,SCHEDULED,120,2.0
2026-04-23T03:05:17Z,5110J77600R4,5110J,,SCHEDULED,120,2.0
2026-04-23T03:05:17Z,5110J25702R1,5110J,,SCHEDULED,60,1.0
2026-04-23T03:05:17Z,5110J78280R2,5110J,,SCHEDULED,360,6.0
2026-04-23T03:05:17Z,5110J28400R2N,5110J,,SCHEDULED,60,1.0
2026-04-23T03:05:17Z,5110J25602R1,5110J,,SCHEDULED,60,1.0
2026-04-23T03:05:17Z,1010J20203C4a,1010J,,SCHEDULED,120,2.0
2026-04-23T03:05:17Z,1010J21500C2,1010J,,SCHEDULED,60,1.0
2026-04-23T03:10:20Z,5110J77600R4,5110J,,SCHEDULED,120,2.0
2026-04-23T03:10:20Z,5110J28400R2N,5110J,,SCHEDULED,120,2.0
2026-04-23T03:10:20Z,5110J78280R2,5110J,,SCHEDULED,420,7.0
2026-04-23T03:10:20Z,5110J28557R2N,5110J,,SCHEDULED,-60,-1.0
2026-04-23T03:10:20Z,1010J20403C4b,1010J,,SCHEDULED,240,4.0
2026-04-23T03:10:20Z,1010J21811C7,1010J,,SCHEDULED,-480,-8.0
2026-04-23T03:10:20Z,1010J20205C4a,1010J,,SCHEDULED,60,1.0
2026-04-23T03:10:20Z,1010J21500C2,1010J,,SCHEDULED,120,2.0
2026-04-23T03:10:20Z,1010J21703C2,1010J,,SCHEDULED,120,2.0
2026-04-23T03:15:20Z,5110J25702R1,5110J,,SCHEDULED,120,2.0
2026-04-23T03:15:20Z,5110J78280R2,5110J,,SCHEDULED,480,8.0
2026-04-23T03:15:20Z,6110J32769C1,6110J,,SCHEDULED,60,1.0
2026-04-23T03:15:20Z,1010J78002C3,1010J,,SCHEDULED,120,2.0
2026-04-23T03:15:20Z,1010J20403C4b,1010J,,SCHEDULED,240,4.0
2026-04-23T03:15:20Z,1010J21811C7,1010J,,SCHEDULED,-480,-8.0
2026-04-23T03:15:20Z,1010J20205C4a,1010J,,SCHEDULED,120,2.0
2026-04-23T03:15:20Z,1010J20203C4a,1010J,,SCHEDULED,300,5.0
2026-04-23T03:15:20Z,1010J21500C2,1010J,,SCHEDULED,120,2.0
2026-04-23T03:15:20Z,1010J21703C2,1010J,,SCHEDULED,120,2.0
2026-04-23T03:20:22Z,5110J25702R1,5110J,,SCHEDULED,60,1.0
2026-04-23T03:20:22Z,5110J78280R2,5110J,,SCHEDULED,540,9.0
2026-04-23T03:20:22Z,5110J78282R2,5110J,,SCHEDULED,180,3.0
2026-04-23T03:20:22Z,6010J26500C3,6010J,,SCHEDULED,-60,-1.0
2026-04-23T03:20:22Z,6010J26100C1,6010J,,SCHEDULED,120,2.0
2026-04-23T03:20:22Z,1010J78002C3,1010J,,SCHEDULED,180,3.0
2026-04-23T03:20:22Z,1010J20203C4a,1010J,,SCHEDULED,420,7.0
2026-04-23T03:20:22Z,1010J20403C4b,1010J,,SCHEDULED,300,5.0
2026-04-23T03:20:22Z,1010J21811C7,1010J,,SCHEDULED,-480,-8.0
2026-04-23T03:20:22Z,1010J19799C1,1010J,,SCHEDULED,120,2.0
2026-04-23T03:20:22Z,1010J21501C2,1010J,,SCHEDULED,60,1.0
2026-04-23T03:20:22Z,1010J21500C2,1010J,,SCHEDULED,120,2.0
2026-04-23T03:20:22Z,1010J21703C2,1010J,,SCHEDULED,180,3.0
2026-04-23T03:25:18Z,5110J28400R2N,5110J,,SCHEDULED,360,6.0
2026-04-23T03:25:18Z,5110J28557R2N,5110J,,SCHEDULED,180,3.0
2026-04-23T03:25:18Z,5110J77400R4,5110J,,SCHEDULED,120,2.0
2026-04-23T03:25:18Z,5110J78280R2,5110J,,SCHEDULED,600,10.0
2026-04-23T03:25:18Z,5110J25604R1,5110J,,SCHEDULED,-120,-2.0
2026-04-23T03:25:18Z,6110J32769C1,6110J,,SCHEDULED,120,2.0
2026-04-23T03:25:18Z,6110J32770C1,6110J,,SCHEDULED,360,6.0
2026-04-23T03:25:18Z,1010J78003C3,1010J,,SCHEDULED,120,2.0
2026-04-23T03:25:18Z,1010J20403C4b,1010J,,SCHEDULED,420,7.0
2026-04-23T03:25:18Z,1010J21811C7,1010J,,SCHEDULED,-480,-8.0
2026-04-23T03:25:18Z,1010J21501C2,1010J,,SCHEDULED,60,1.0
2026-04-23T03:25:18Z,1010J21500C2,1010J,,SCHEDULED,300,5.0
2026-04-23T03:25:18Z,1010J21703C2,1010J,,SCHEDULED,60,1.0
2026-04-23T03:25:18Z,1010J20203C4a,1010J,,SCHEDULED,360,6.0
2026-04-23T03:25:18Z,1010J19799C1,1010J,,SCHEDULED,120,2.0
2026-04-23T03:30:33Z,3010J23501C1,3010J,,SCHEDULED,60,1.0
2026-04-23T03:30:33Z,4010J36000C2,4010J,,SCHEDULED,-60,-1.0
2026-04-23T03:30:33Z,5110J77200R2S,5110J,,SCHEDULED,120,2.0
2026-04-23T03:30:33Z,5110J28400R2N,5110J,,SCHEDULED,300,5.0
2026-04-23T03:30:33Z,5110J77600R4,5110J,,SCHEDULED,120,2.0
2026-04-23T03:30:33Z,5110J78282R2,5110J,,SCHEDULED,240,4.0
2026-04-23T03:30:33Z,6010J26001C2,6010J,,SCHEDULED,60,1.0
2026-04-23T03:30:33Z,6010J26000C2,6010J,,SCHEDULED,60,1.0
2026-04-23T03:30:33Z,6010J26502C3,6010J,,SCHEDULED,60,1.0
2026-04-23T03:30:33Z,6110J32770C1,6110J,,SCHEDULED,360,6.0
2026-04-23T03:30:33Z,1010J20207C4a,1010J,,SCHEDULED,-60,-1.0
2026-04-23T03:30:33Z,1010J20403C4b,1010J,,SCHEDULED,360,6.0
2026-04-23T03:30:33Z,1010J20204C4,1010J,,SCHEDULED,180,3.0
2026-04-23T03:30:33Z,1010J20203C4a,1010J,,SCHEDULED,480,8.0
2026-04-23T03:30:33Z,1010J20407C4b,1010J,,SCHEDULED,60,1.0
2026-04-23T03:30:33Z,1010J21501C2,1010J,,SCHEDULED,120,2.0
2026-04-23T03:30:33Z,1010J21500C2,1010J,,SCHEDULED,300,5.0
2026-04-23T03:30:33Z,1010J21703C2,1010J,,SCHEDULED,120,2.0
2026-04-23T03:35:17Z,3010J23501C1,3010J,,SCHEDULED,60,1.0
2026-04-23T03:35:17Z,3010J23500C1,3010J,,SCHEDULED,120,2.0
2026-04-23T03:35:17Z,5110J15620RL4,5110J,,SCHEDULED,660,11.0
2026-04-23T03:35:17Z,5110J77200R2S,5110J,,SCHEDULED,120,2.0
2026-04-23T03:35:17Z,5110J78282R2,5110J,,SCHEDULED,180,3.0
2026-04-23T03:35:17Z,6110J32770C1,6110J,,SCHEDULED,120,2.0
2026-04-23T03:35:17Z,1010J75500C2,1010J,,SCHEDULED,120,2.0
2026-04-23T03:35:17Z,1010J78004C3,1010J,,SCHEDULED,120,2.0
2026-04-23T03:35:17Z,1010J78003C3,1010J,,SCHEDULED,120,2.0
2026-04-23T03:35:17Z,1010J20203C4a,1010J,,SCHEDULED,600,10.0
2026-04-23T03:35:17Z,1010J20202C4,1010J,,SCHEDULED,60,1.0
2026-04-23T03:35:17Z,1010J20207C4a,1010J,,SCHEDULED,-60,-1.0
2026-04-23T03:35:17Z,1010J20205C4a,1010J,,SCHEDULED,180,3.0
2026-04-23T03:35:17Z,1010J20204C4,1010J,,SCHEDULED,240,4.0
2026-04-23T03:35:17Z,1010J21501C2,1010J,,SCHEDULED,120,2.0
2026-04-23T03:35:17Z,1010J19799C1,1010J,,SCHEDULED,60,1.0
2026-04-23T03:35:17Z,1010J21500C2,1010J,,SCHEDULED,240,4.0
2026-04-23T03:35:17Z,1010J21100C10,1010J,,SCHEDULED,-60,-1.0
2026-04-23T03:35:17Z,1010J75601C2,1010J,,SCHEDULED,60,1.0
2026-04-23T03:40:20Z,3010J23501C1,3010J,,SCHEDULED,240,4.0
2026-04-23T03:40:20Z,4010J36001C2,4010J,,SCHEDULED,540,9.0
2026-04-23T03:40:20Z,5110J28400R2N,5110J,,SCHEDULED,180,3.0
2026-04-23T03:40:20Z,5110J77200R2S,5110J,,SCHEDULED,240,4.0
2026-04-23T03:40:20Z,5110J77400R4,5110J,,SCHEDULED,180,3.0
2026-04-23T03:40:20Z,5110J78282R2,5110J,,SCHEDULED,240,4.0
2026-04-23T03:40:20Z,5110J77502R4,5110J,,SCHEDULED,60,1.0
2026-04-23T03:40:20Z,6010J26001C2,6010J,,SCHEDULED,120,2.0
2026-04-23T03:40:20Z,6010J26502C3,6010J,,SCHEDULED,-60,-1.0
2026-04-23T03:40:20Z,6110J32770C1,6110J,,SCHEDULED,180,3.0
2026-04-23T03:40:20Z,6110J32700C1,6110J,,SCHEDULED,480,8.0
2026-04-23T03:40:20Z,6110J32769C1,6110J,,SCHEDULED,180,3.0
2026-04-23T03:40:20Z,1010J75500C2,1010J,,SCHEDULED,240,4.0
2026-04-23T03:40:20Z,1010J20207C4a,1010J,,SCHEDULED,-60,-1.0
2026-04-23T03:40:20Z,1010J20205C4a,1010J,,SCHEDULED,120,2.0
2026-04-23T03:40:20Z,1010J20600C8b,1010J,,SCHEDULED,-120,-2.0
2026-04-23T03:40:20Z,1010J20202C4,1010J,,SCHEDULED,120,2.0
2026-04-23T03:40:20Z,1010J20209C4a,1010J,,SCHEDULED,120,2.0
2026-04-23T03:40:20Z,1010J21500C2,1010J,,SCHEDULED,240,4.0
2026-04-23T03:40:20Z,1010J21100C10,1010J,,SCHEDULED,0,0.0
2026-04-23T03:40:20Z,1010J75601C2,1010J,,SCHEDULED,60,1.0
2026-04-23T03:40:20Z,1010J35020C10,1010J,,SCHEDULED,180,3.0
2026-04-23T03:40:20Z,1010J78002C3,1010J,,SCHEDULED,60,1.0
2026-04-23T03:40:20Z,1010J78004C3,1010J,,SCHEDULED,180,3.0
2026-04-23T03:40:20Z,1010J78003C3,1010J,,SCHEDULED,120,2.0
2026-04-23T03:45:20Z,3010J23501C1,3010J,,SCHEDULED,240,4.0
2026-04-23T03:45:20Z,3210J23303C1,3210J,,SCHEDULED,120,2.0
2026-04-23T03:45:20Z,5110J25604R1,5110J,,SCHEDULED,60,1.0
2026-04-23T03:45:20Z,5110J78282R2,5110J,,SCHEDULED,240,4.0
2026-04-23T03:45:20Z,5110J15620RL4,5110J,,SCHEDULED,780,13.0
2026-04-23T03:45:20Z,5110J28404R2N,5110J,,SCHEDULED,60,1.0
2026-04-23T03:45:20Z,5110J77400R4,5110J,,SCHEDULED,180,3.0
2026-04-23T03:45:20Z,6010J26103C1,6010J,,SCHEDULED,60,1.0
2026-04-23T03:45:20Z,6010J26001C2,6010J,,SCHEDULED,60,1.0
2026-04-23T03:45:20Z,6110J32769C1,6110J,,SCHEDULED,120,2.0
2026-04-23T03:45:20Z,1010J21500C2,1010J,,SCHEDULED,240,4.0
2026-04-23T03:45:20Z,1010J75500C2,1010J,,SCHEDULED,240,4.0
2026-04-23T03:45:20Z,1010J21506C2,1010J,,SCHEDULED,60,1.0
2026-04-23T03:45:20Z,1010J20202C4,1010J,,SCHEDULED,180,3.0
2026-04-23T03:45:20Z,1010J20209C4a,1010J,,SCHEDULED,60,1.0
2026-04-23T03:45:20Z,1010J20207C4a,1010J,,SCHEDULED,-60,-1.0
2026-04-23T03:45:20Z,1010J78002C3,1010J,,SCHEDULED,120,2.0
2026-04-23T03:45:20Z,1010J20600C8b,1010J,,SCHEDULED,-120,-2.0
2026-04-23T03:45:20Z,1010J20212C4a,1010J,,SCHEDULED,60,1.0
2026-04-23T03:45:20Z,1010J78005C3,1010J,,SCHEDULED,180,3.0
2026-04-23T03:45:20Z,1010J75601C2,1010J,,SCHEDULED,60,1.0
2026-04-23T03:45:20Z,1010J21703C2,1010J,,SCHEDULED,300,5.0
2026-04-23T03:45:20Z,1010J19799C1,1010J,,SCHEDULED,300,5.0
2026-04-23T03:45:20Z,1010J20405C4b,1010J,,SCHEDULED,60,1.0
2026-04-23T03:45:20Z,1010J20402C4b,1010J,,SCHEDULED,60,1.0
2026-04-23T03:45:20Z,1010J76170C10,1010J,,SCHEDULED,-60,-1.0
2026-04-23T03:45:20Z,1010J35020C10,1010J,,SCHEDULED,300,5.0
2026-04-23T03:45:20Z,1010J35975C2,1010J,,SCHEDULED,-120,-2.0
2026-04-23T03:50:22Z,3210J23303C1,3210J,,SCHEDULED,120,2.0
2026-04-23T03:50:22Z,4010J36000C2,4010J,,SCHEDULED,180,3.0
2026-04-23T03:50:22Z,4010J76200C1,4010J,,SCHEDULED,120,2.0
2026-04-23T03:50:22Z,5110J28404R2N,5110J,,SCHEDULED,60,1.0
2026-04-23T03:50:22Z,5110J28402R2N,5110J,,SCHEDULED,120,2.0
2026-04-23T03:50:22Z,5110J77702R4,5110J,,SCHEDULED,60,1.0
2026-04-23T03:50:22Z,5110J25604R1,5110J,,SCHEDULED,60,1.0
2026-04-23T03:50:22Z,5110J77200R2S,5110J,,SCHEDULED,120,2.0
2026-04-23T03:50:22Z,5110J78280R2,5110J,,SCHEDULED,480,8.0
2026-04-23T03:50:22Z,5110J78282R2,5110J,,SCHEDULED,300,5.0
2026-04-23T03:50:22Z,6010J26600C3,6010J,,SCHEDULED,120,2.0
2026-04-23T03:50:22Z,6010J26103C1,6010J,,SCHEDULED,60,1.0
2026-04-23T03:50:22Z,6010J26102C1,6010J,,SCHEDULED,60,1.0
2026-04-23T03:50:22Z,6110J32700C1,6110J,,SCHEDULED,900,15.0
2026-04-23T03:50:22Z,6110J32769C1,6110J,,SCHEDULED,120,2.0
2026-04-23T03:50:22Z,1010J78005C3,1010J,,SCHEDULED,180,3.0
2026-04-23T03:50:22Z,1010J75500C2,1010J,,SCHEDULED,240,4.0
2026-04-23T03:50:22Z,1010J76170C10,1010J,,SCHEDULED,-60,-1.0
2026-04-23T03:50:22Z,1010J20208C4,1010J,,SCHEDULED,120,2.0
2026-04-23T03:50:22Z,1010J20205C4a,1010J,,SCHEDULED,120,2.0
2026-04-23T03:50:22Z,1010J20600C8b,1010J,,SCHEDULED,-120,-2.0
2026-04-23T03:50:22Z,1010J20204C4,1010J,,SCHEDULED,120,2.0
2026-04-23T03:50:22Z,1010J20212C4a,1010J,,SCHEDULED,180,3.0
2026-04-23T03:50:22Z,1010J20402C4b,1010J,,SCHEDULED,60,1.0
2026-04-23T03:50:22Z,1010J21703C2,1010J,,SCHEDULED,300,5.0
2026-04-23T03:50:22Z,1010J35975C2,1010J,,SCHEDULED,-120,-2.0
2026-04-23T03:50:22Z,1010J76800C2,1010J,,SCHEDULED,60,1.0
2026-04-23T03:50:22Z,1010J21501C2,1010J,,SCHEDULED,60,1.0
2026-04-23T03:50:22Z,1010J21500C2,1010J,,SCHEDULED,300,5.0
2026-04-23T03:50:22Z,1010J21506C2,1010J,,SCHEDULED,60,1.0
2026-04-23T03:50:22Z,1010J75000C8a,1010J,,SCHEDULED,120,2.0
2026-04-23T03:50:22Z,1010J35020C10,1010J,,SCHEDULED,120,2.0
2026-04-23T03:55:18Z,3010J23501C1,3010J,,SCHEDULED,300,5.0
2026-04-23T03:55:18Z,3010J23500C1,3010J,,SCHEDULED,960,16.0
2026-04-23T03:55:18Z,4010J76201C1,4010J,,SCHEDULED,60,1.0
2026-04-23T03:55:18Z,5110J28402R2N,5110J,,SCHEDULED,120,2.0
2026-04-23T03:55:18Z,5110J77201R2S,5110J,,SCHEDULED,60,1.0
2026-04-23T03:55:18Z,5110J77402R4,5110J,,SCHEDULED,120,2.0
2026-04-23T03:55:18Z,5110J77600R4,5110J,,SCHEDULED,240,4.0
2026-04-23T03:55:18Z,5110J77202R2S,5110J,,SCHEDULED,120,2.0
2026-04-23T03:55:18Z,5110J25604R1,5110J,,SCHEDULED,120,2.0
2026-04-23T03:55:18Z,6010J26600C3,6010J,,SCHEDULED,120,2.0
2026-04-23T03:55:18Z,6110J32769C1,6110J,,SCHEDULED,60,1.0
2026-04-23T03:55:18Z,6210J71150C2,6210J,,SCHEDULED,660,11.0
2026-04-23T03:55:18Z,1010J21501C2,1010J,,SCHEDULED,60,1.0
2026-04-23T03:55:18Z,1010J20411C4b,1010J,,SCHEDULED,60,1.0
2026-04-23T03:55:18Z,1010J21500C2,1010J,,SCHEDULED,420,7.0
2026-04-23T03:55:18Z,1010J21100C10,1010J,,SCHEDULED,180,3.0
2026-04-23T03:55:18Z,1010J21506C2,1010J,,SCHEDULED,120,2.0
2026-04-23T03:55:18Z,1010J75000C8a,1010J,,SCHEDULED,180,3.0
2026-04-23T03:55:18Z,1010J78002C3,1010J,,SCHEDULED,240,4.0
2026-04-23T03:55:18Z,1010J20208C4,1010J,,SCHEDULED,120,2.0
2026-04-23T03:55:18Z,1010J78004C3,1010J,,SCHEDULED,180,3.0
2026-04-23T03:55:18Z,1010J78005C3,1010J,,SCHEDULED,180,3.0
2026-04-23T03:55:18Z,1010J20206C4,1010J,,SCHEDULED,-60,-1.0
2026-04-23T03:55:18Z,1010J78007C3,1010J,,SCHEDULED,60,1.0
2026-04-23T03:55:18Z,1010J20205C4a,1010J,,SCHEDULED,120,2.0
2026-04-23T03:55:18Z,1010J20600C8b,1010J,,SCHEDULED,-120,-2.0
2026-04-23T03:55:18Z,1010J20212C4a,1010J,,SCHEDULED,180,3.0
2026-04-23T03:55:18Z,1010J76170C10,1010J,,SCHEDULED,-60,-1.0
2026-04-23T03:55:18Z,1010J21703C2,1010J,,SCHEDULED,120,2.0
2026-04-23T03:55:18Z,1010J20402C4b,1010J,,SCHEDULED,120,2.0
2026-04-23T03:55:18Z,1010J35975C2,1010J,,SCHEDULED,-120,-2.0
2026-04-23T03:55:18Z,1010J76800C2,1010J,,SCHEDULED,60,1.0
2026-04-23T03:55:18Z,1010J19800C1,1010J,,SCHEDULED,60,1.0
2026-04-23T03:55:18Z,1010J35020C10,1010J,,SCHEDULED,180,3.0
2026-04-23T04:00:43Z,3010J23501C1,3010J,,SCHEDULED,300,5.0
2026-04-23T04:00:43Z,3210J23303C1,3210J,,SCHEDULED,120,2.0
2026-04-23T04:00:43Z,4010J76200C1,4010J,,SCHEDULED,180,3.0
2026-04-23T04:00:43Z,5110J77202R2S,5110J,,SCHEDULED,180,3.0
2026-04-23T04:00:43Z,5110J25604R1,5110J,,SCHEDULED,60,1.0
2026-04-23T04:00:43Z,5110J25606R1,5110J,,SCHEDULED,-60,-1.0
2026-04-23T04:00:43Z,5110J77200R2S,5110J,,SCHEDULED,60,1.0
2026-04-23T04:00:43Z,5110J28404R2N,5110J,,SCHEDULED,60,1.0
2026-04-23T04:00:43Z,5110J78280R2,5110J,,SCHEDULED,480,8.0
2026-04-23T04:00:43Z,6010J26504C3,6010J,,SCHEDULED,60,1.0
2026-04-23T04:00:43Z,6110J32769C1,6110J,,SCHEDULED,180,3.0
2026-04-23T04:00:43Z,6110J32700C1,6110J,,SCHEDULED,900,15.0
2026-04-23T04:00:43Z,6210J71152C2,6210J,,SCHEDULED,180,3.0
2026-04-23T04:00:43Z,1010J21500C2,1010J,,SCHEDULED,240,4.0
2026-04-23T04:00:43Z,1010J21100C10,1010J,,SCHEDULED,0,0.0
2026-04-23T04:00:43Z,1010J75500C2,1010J,,SCHEDULED,240,4.0
2026-04-23T04:00:43Z,1010J21506C2,1010J,,SCHEDULED,120,2.0
2026-04-23T04:00:43Z,1010J20208C4,1010J,,SCHEDULED,240,4.0
2026-04-23T04:00:43Z,1010J20206C4,1010J,,SCHEDULED,-60,-1.0
2026-04-23T04:00:43Z,1010J78002C3,1010J,,SCHEDULED,60,1.0
2026-04-23T04:00:43Z,1010J78004C3,1010J,,SCHEDULED,180,3.0
2026-04-23T04:00:43Z,1010J20205C4a,1010J,,SCHEDULED,240,4.0
2026-04-23T04:00:43Z,1010J78005C3,1010J,,SCHEDULED,120,2.0
2026-04-23T04:00:43Z,1010J78007C3,1010J,,SCHEDULED,120,2.0
2026-04-23T04:00:43Z,1010J20411C4b,1010J,,SCHEDULED,60,1.0
2026-04-23T04:00:43Z,1010J75603C2,1010J,,SCHEDULED,60,1.0
2026-04-23T04:00:43Z,1010J75601C2,1010J,,SCHEDULED,60,1.0
2026-04-23T04:00:43Z,1010J76170C10,1010J,,SCHEDULED,-60,-1.0
2026-04-23T04:00:43Z,1010J76172C10,1010J,,SCHEDULED,-120,-2.0
2026-04-23T04:00:43Z,1010J75302C10,1010J,,SCHEDULED,-120,-2.0
2026-04-23T04:00:43Z,1010J35975C2,1010J,,SCHEDULED,-120,-2.0
2026-04-23T04:00:43Z,1010J19803C1,1010J,,SCHEDULED,60,1.0
2026-04-23T04:00:43Z,1010J19512C5,1010J,,SCHEDULED,60,1.0
2026-04-23T04:00:43Z,1010J20409C4b,1010J,,SCHEDULED,60,1.0
2026-04-23T04:05:17Z,3210J23151C2,3210J,,SCHEDULED,60,1.0
2026-04-23T04:05:17Z,4010J36000C2,4010J,,SCHEDULED,60,1.0
2026-04-23T04:05:17Z,5110J28402R2N,5110J,,SCHEDULED,-60,-1.0
2026-04-23T04:05:17Z,5110J77400R4,5110J,,SCHEDULED,180,3.0
2026-04-23T04:05:17Z,5110J25602R1,5110J,,SCHEDULED,60,1.0
2026-04-23T04:05:17Z,5110J77506R4,5110J,,SCHEDULED,60,1.0
2026-04-23T04:05:17Z,5110J25606R1,5110J,,SCHEDULED,60,1.0
2026-04-23T04:05:17Z,5110J25704R1,5110J,,SCHEDULED,120,2.0
2026-04-23T04:05:17Z,5110J78280R2,5110J,,SCHEDULED,420,7.0
2026-04-23T04:05:17Z,5110J78282R2,5110J,,SCHEDULED,180,3.0
2026-04-23T04:05:17Z,5110J77202R2S,5110J,,SCHEDULED,240,4.0
2026-04-23T04:05:17Z,5110J25604R1,5110J,,SCHEDULED,60,1.0
2026-04-23T04:05:17Z,5110J15720R11,5110J,,SCHEDULED,60,1.0
2026-04-23T04:05:17Z,6110J32700C1,6110J,,SCHEDULED,840,14.0
2026-04-23T04:05:17Z,1010J78007C3,1010J,,SCHEDULED,120,2.0
2026-04-23T04:05:17Z,1010J76170C10,1010J,,SCHEDULED,240,4.0
2026-04-23T04:05:17Z,1010J76172C10,1010J,,SCHEDULED,-120,-2.0
2026-04-23T04:05:17Z,1010J21508C2,1010J,,SCHEDULED,180,3.0
2026-04-23T04:05:17Z,1010J21001C8a,1010J,,SCHEDULED,120,2.0
2026-04-23T04:05:17Z,1010J78004C3,1010J,,SCHEDULED,180,3.0
2026-04-23T04:05:17Z,1010J75500C2,1010J,,SCHEDULED,300,5.0
2026-04-23T04:05:17Z,1010J78003C3,1010J,,SCHEDULED,120,2.0
2026-04-23T04:05:17Z,1010J20209C4a,1010J,,SCHEDULED,120,2.0
2026-04-23T04:05:17Z,1010J20408C4b,1010J,,SCHEDULED,-60,-1.0
2026-04-23T04:05:17Z,1010J20207C4a,1010J,,SCHEDULED,60,1.0
2026-04-23T04:05:17Z,1010J20206C4,1010J,,SCHEDULED,-60,-1.0
2026-04-23T04:05:17Z,1010J20205C4a,1010J,,SCHEDULED,240,4.0
2026-04-23T04:05:17Z,1010J20600C8b,1010J,,SCHEDULED,60,1.0
2026-04-23T04:05:17Z,1010J75302C10,1010J,,SCHEDULED,-120,-2.0
2026-04-23T04:05:17Z,1010J35975C2,1010J,,SCHEDULED,120,2.0
2026-04-23T04:05:17Z,1010J21501C2,1010J,,SCHEDULED,60,1.0
2026-04-23T04:05:17Z,1010J76800C2,1010J,,SCHEDULED,120,2.0
2026-04-23T04:05:17Z,1010J21500C2,1010J,,SCHEDULED,240,4.0
2026-04-23T04:05:17Z,1010J20211C4a,1010J,,SCHEDULED,240,4.0
2026-04-23T04:05:17Z,1010J75603C2,1010J,,SCHEDULED,60,1.0
2026-04-23T04:05:17Z,1010J75601C2,1010J,,SCHEDULED,120,2.0
2026-04-23T04:05:17Z,1010J19510C5,1010J,,SCHEDULED,600,10.0
2026-04-23T04:05:17Z,1010J19512C5,1010J,,SCHEDULED,240,4.0
2026-04-23T04:05:17Z,1010J76811C7,1010J,,SCHEDULED,180,3.0
2026-04-23T04:10:22Z,3210J23151C2,3210J,,SCHEDULED,60,1.0
2026-04-23T04:10:22Z,4010J36001C2,4010J,,SCHEDULED,780,13.0
2026-04-23T04:10:22Z,4010J76200C1,4010J,,SCHEDULED,60,1.0
2026-04-23T04:10:22Z,5110J77201R2S,5110J,,SCHEDULED,360,6.0
2026-04-23T04:10:22Z,5110J77310R3,5110J,,SCHEDULED,60,1.0
2026-04-23T04:10:22Z,5110J78201R2S,5110J,,SCHEDULED,120,2.0
2026-04-23T04:10:22Z,6010J26504C3,6010J,,SCHEDULED,-60,-1.0
2026-04-23T04:10:22Z,6010J26004C2,6010J,,SCHEDULED,180,3.0
2026-04-23T04:10:22Z,6110J32700C1,6110J,,SCHEDULED,660,11.0
2026-04-23T04:10:22Z,6210J71103C2,6210J,,SCHEDULED,180,3.0
2026-04-23T04:10:22Z,1010J21506C2,1010J,,SCHEDULED,120,2.0
2026-04-23T04:10:22Z,1010J21001C8a,1010J,,SCHEDULED,180,3.0
2026-04-23T04:10:22Z,1010J75500C2,1010J,,SCHEDULED,420,7.0
2026-04-23T04:10:22Z,1010J20413C4b,1010J,,SCHEDULED,240,4.0
2026-04-23T04:10:22Z,1010J78004C3,1010J,,SCHEDULED,240,4.0
2026-04-23T04:10:22Z,1010J78003C3,1010J,,SCHEDULED,240,4.0
2026-04-23T04:10:22Z,1010J76280C10,1010J,,SCHEDULED,120,2.0
2026-04-23T04:10:22Z,1010J78007C3,1010J,,SCHEDULED,120,2.0
2026-04-23T04:10:22Z,1010J78009C3,1010J,,SCHEDULED,60,1.0
2026-04-23T04:10:22Z,1010J20209C4a,1010J,,SCHEDULED,180,3.0
2026-04-23T04:10:22Z,1010J20208C4,1010J,,SCHEDULED,60,1.0
2026-04-23T04:10:22Z,1010J20207C4a,1010J,,SCHEDULED,120,2.0
2026-04-23T04:10:22Z,1010J20206C4,1010J,,SCHEDULED,60,1.0
2026-04-23T04:10:22Z,1010J76170C10,1010J,,SCHEDULED,300,5.0
2026-04-23T04:10:22Z,1010J20600C8b,1010J,,SCHEDULED,60,1.0
2026-04-23T04:10:22Z,1010J76172C10,1010J,,SCHEDULED,-120,-2.0
2026-04-23T04:10:22Z,1010J21500C2,1010J,,SCHEDULED,300,5.0
2026-04-23T04:10:22Z,1010J75603C2,1010J,,SCHEDULED,120,2.0
2026-04-23T04:10:22Z,1010J75601C2,1010J,,SCHEDULED,120,2.0
2026-04-23T04:10:22Z,1010J20408C4b,1010J,,SCHEDULED,-60,-1.0
2026-04-23T04:10:22Z,1010J20407C4b,1010J,,SCHEDULED,120,2.0
2026-04-23T04:10:22Z,1010J20406C4b,1010J,,SCHEDULED,60,1.0
2026-04-23T04:10:22Z,1010J20402C4b,1010J,,SCHEDULED,120,2.0
2026-04-23T04:10:22Z,1010J20218C4a,1010J,,SCHEDULED,-60,-1.0
2026-04-23T04:10:22Z,1010J20216C4a,1010J,,SCHEDULED,180,3.0
2026-04-23T04:10:22Z,1010J19510C5,1010J,,SCHEDULED,600,10.0
2026-04-23T04:10:22Z,1010J19512C5,1010J,,SCHEDULED,360,6.0
2026-04-23T04:10:22Z,1010J76811C7,1010J,,SCHEDULED,60,1.0
2026-04-23T04:10:22Z,1010J75302C10,1010J,,SCHEDULED,-120,-2.0
2026-04-23T04:10:22Z,1010J35975C2,1010J,,SCHEDULED,120,2.0
2026-04-23T04:10:22Z,1010J76800C2,1010J,,SCHEDULED,300,5.0
2026-04-23T04:10:22Z,1010J76804C7,1010J,,SCHEDULED,60,1.0
2026-04-23T04:10:22Z,1010J19803C1,1010J,,SCHEDULED,180,3.0
2026-04-23T04:10:22Z,1010J19527C5,1010J,,SCHEDULED,60,1.0
2026-04-23T04:15:21Z,3210J23305C1,3210J,,SCHEDULED,60,1.0
2026-04-23T04:15:21Z,4010J24380C6,4010J,,SCHEDULED,-60,-1.0
2026-04-23T04:15:21Z,4010J36001C2,4010J,,SCHEDULED,780,13.0
2026-04-23T04:15:21Z,5110J77204R2S,5110J,,SCHEDULED,60,1.0
2026-04-23T04:15:21Z,5110J77402R4,5110J,,SCHEDULED,180,3.0
2026-04-23T04:15:21Z,5110J28406R2N,5110J,,SCHEDULED,60,1.0
2026-04-23T04:15:21Z,5110J77201R2S,5110J,,SCHEDULED,420,7.0
2026-04-23T04:15:21Z,5110J28468R2,5110J,,SCHEDULED,60,1.0
2026-04-23T04:15:21Z,5110J77506R4,5110J,,SCHEDULED,60,1.0
2026-04-23T04:15:21Z,5110J77202R2S,5110J,,SCHEDULED,240,4.0
2026-04-23T04:15:21Z,5110J25606R1,5110J,,SCHEDULED,60,1.0
2026-04-23T04:15:21Z,5110J78201R2S,5110J,,SCHEDULED,60,1.0
2026-04-23T04:15:21Z,5110J25608R1,5110J,,SCHEDULED,-60,-1.0
2026-04-23T04:15:21Z,6010J26005C2,6010J,,SCHEDULED,120,2.0
2026-04-23T04:15:21Z,6010J26004C2,6010J,,SCHEDULED,120,2.0
2026-04-23T04:15:21Z,6110J32769C1,6110J,,SCHEDULED,360,6.0
2026-04-23T04:15:21Z,6110J32700C1,6110J,,SCHEDULED,720,12.0
2026-04-23T04:15:21Z,6110J30600C1,6110J,,SCHEDULED,300,5.0
2026-04-23T04:15:21Z,6210J71103C2,6210J,,SCHEDULED,180,3.0
2026-04-23T04:15:21Z,1010J78009C3,1010J,,SCHEDULED,60,1.0
2026-04-23T04:15:21Z,1010J20706C5,1010J,,SCHEDULED,120,2.0
2026-04-23T04:15:21Z,1010J20704C5,1010J,,SCHEDULED,120,2.0
2026-04-23T04:15:21Z,1010J76170C10,1010J,,SCHEDULED,420,7.0
2026-04-23T04:15:21Z,1010J76172C10,1010J,,SCHEDULED,-120,-2.0
2026-04-23T04:15:21Z,1010J21508C2,1010J,,SCHEDULED,240,4.0
2026-04-23T04:15:21Z,1010J21506C2,1010J,,SCHEDULED,240,4.0
2026-04-23T04:15:21Z,1010J20413C4b,1010J,,SCHEDULED,240,4.0
2026-04-23T04:15:21Z,1010J78004C3,1010J,,SCHEDULED,180,3.0
2026-04-23T04:15:21Z,1010J78003C3,1010J,,SCHEDULED,240,4.0
2026-04-23T04:15:21Z,1010J78008C3,1010J,,SCHEDULED,120,2.0
2026-04-23T04:15:21Z,1010J78007C3,1010J,,SCHEDULED,240,4.0
2026-04-23T04:15:21Z,1010J75500C2,1010J,,SCHEDULED,180,3.0
2026-04-23T04:15:21Z,1010J20408C4b,1010J,,SCHEDULED,-60,-1.0
2026-04-23T04:15:21Z,1010J76280C10,1010J,,SCHEDULED,180,3.0
2026-04-23T04:15:21Z,1010J20407C4b,1010J,,SCHEDULED,60,1.0
2026-04-23T04:15:21Z,1010J20406C4b,1010J,,SCHEDULED,180,3.0
2026-04-23T04:15:21Z,1010J20402C4b,1010J,,SCHEDULED,120,2.0
2026-04-23T04:15:21Z,1010J75302C10,1010J,,SCHEDULED,-120,-2.0
2026-04-23T04:15:21Z,1010J75301C10,1010J,,SCHEDULED,-60,-1.0
2026-04-23T04:15:21Z,1010J20208C4,1010J,,SCHEDULED,120,2.0
2026-04-23T04:15:21Z,1010J35975C2,1010J,,SCHEDULED,120,2.0
2026-04-23T04:15:21Z,1010J19805C1,1010J,,SCHEDULED,60,1.0
2026-04-23T04:15:21Z,1010J76800C2,1010J,,SCHEDULED,240,4.0
2026-04-23T04:15:21Z,1010J76802C2,1010J,,SCHEDULED,60,1.0
2026-04-23T04:15:21Z,1010J19527C5,1010J,,SCHEDULED,60,1.0
2026-04-23T04:15:21Z,1010J75603C2,1010J,,SCHEDULED,120,2.0
2026-04-23T04:15:21Z,1010J21500C2,1010J,,SCHEDULED,360,6.0
2026-04-23T04:15:21Z,1010J75601C2,1010J,,SCHEDULED,180,3.0
2026-04-23T04:15:21Z,1010J20218C4a,1010J,,SCHEDULED,-60,-1.0
2026-04-23T04:15:21Z,1010J20216C4a,1010J,,SCHEDULED,240,4.0
2026-04-23T04:15:21Z,1010J19510C5,1010J,,SCHEDULED,600,10.0
2026-04-23T04:15:21Z,1010J19512C5,1010J,,SCHEDULED,180,3.0
2026-04-23T04:15:21Z,1010J76811C7,1010J,,SCHEDULED,60,1.0
2026-04-23T04:15:21Z,1010J76813C7,1010J,,SCHEDULED,60,1.0
2026-04-23T04:20:22Z,3010J23505C1,3010J,,SCHEDULED,120,2.0
2026-04-23T04:20:22Z,3010J23601C4,3010J,,SCHEDULED,480,8.0
2026-04-23T04:20:22Z,3210J23302C1,3210J,,SCHEDULED,60,1.0
2026-04-23T04:20:22Z,3210J23305C1,3210J,,SCHEDULED,60,1.0
2026-04-23T04:20:22Z,4010J24301C6,4010J,,SCHEDULED,-60,-1.0
2026-04-23T04:20:22Z,4010J76600C3,4010J,,SCHEDULED,-120,-2.0
2026-04-23T04:20:22Z,4010J36002C2,4010J,,SCHEDULED,480,8.0
2026-04-23T04:20:22Z,5110J77204R2S,5110J,,SCHEDULED,300,5.0
2026-04-23T04:20:22Z,5110J77200R2S,5110J,,SCHEDULED,-120,-2.0
2026-04-23T04:20:22Z,5110J25601R1,5110J,,SCHEDULED,60,1.0
2026-04-23T04:20:22Z,5110J77202R2S,5110J,,SCHEDULED,240,4.0
2026-04-23T04:20:22Z,5110J25606R1,5110J,,SCHEDULED,120,2.0
2026-04-23T04:20:22Z,5110J77310R3,5110J,,SCHEDULED,60,1.0
2026-04-23T04:20:22Z,5110J78201R2S,5110J,,SCHEDULED,180,3.0
2026-04-23T04:20:22Z,5110J28404R2N,5110J,,SCHEDULED,120,2.0
2026-04-23T04:20:22Z,5110J28402R2N,5110J,,SCHEDULED,60,1.0
2026-04-23T04:20:22Z,5110J28406R2N,5110J,,SCHEDULED,60,1.0
2026-04-23T04:20:22Z,6010J26602C3,6010J,,SCHEDULED,-60,-1.0
2026-04-23T04:20:22Z,6010J71500C4,6010J,,SCHEDULED,180,3.0
2026-04-23T04:20:22Z,6110J32769C1,6110J,,SCHEDULED,240,4.0
2026-04-23T04:20:22Z,6110J32700C1,6110J,,SCHEDULED,600,10.0
2026-04-23T04:20:22Z,6110J30600C1,6110J,,SCHEDULED,600,10.0
2026-04-23T04:20:22Z,1010J21508C2,1010J,,SCHEDULED,240,4.0
2026-04-23T04:20:22Z,1010J20415C4b,1010J,,SCHEDULED,120,2.0
2026-04-23T04:20:22Z,1010J20413C4b,1010J,,SCHEDULED,120,2.0
2026-04-23T04:20:22Z,1010J78008C3,1010J,,SCHEDULED,180,3.0
2026-04-23T04:20:22Z,1010J20706C5,1010J,,SCHEDULED,180,3.0
2026-04-23T04:20:22Z,1010J20704C5,1010J,,SCHEDULED,120,2.0
2026-04-23T04:20:22Z,1010J76170C10,1010J,,SCHEDULED,240,4.0
2026-04-23T04:20:22Z,1010J75502C2,1010J,,SCHEDULED,60,1.0
2026-04-23T04:20:22Z,1010J75500C2,1010J,,SCHEDULED,240,4.0
2026-04-23T04:20:22Z,1010J75809C7,1010J,,SCHEDULED,60,1.0
2026-04-23T04:20:22Z,1010J76280C10,1010J,,SCHEDULED,180,3.0
2026-04-23T04:20:22Z,1010J20407C4b,1010J,,SCHEDULED,240,4.0
2026-04-23T04:20:22Z,1010J20406C4b,1010J,,SCHEDULED,180,3.0
2026-04-23T04:20:22Z,1010J20209C4a,1010J,,SCHEDULED,60,1.0
2026-04-23T04:20:22Z,1010J75302C10,1010J,,SCHEDULED,60,1.0
2026-04-23T04:20:22Z,1010J75301C10,1010J,,SCHEDULED,-60,-1.0
2026-04-23T04:20:22Z,1010J35975C2,1010J,,SCHEDULED,60,1.0
2026-04-23T04:20:22Z,1010J76800C2,1010J,,SCHEDULED,360,6.0
2026-04-23T04:20:22Z,1010J76802C2,1010J,,SCHEDULED,120,2.0
2026-04-23T04:20:22Z,1010J20208C4,1010J,,SCHEDULED,180,3.0
2026-04-23T04:20:22Z,1010J20207C4a,1010J,,SCHEDULED,120,2.0
2026-04-23T04:20:22Z,1010J75601C2,1010J,,SCHEDULED,120,2.0
2026-04-23T04:20:22Z,1010J20601C8b,1010J,,SCHEDULED,120,2.0
2026-04-23T04:20:22Z,1010J20600C8b,1010J,,SCHEDULED,0,0.0
2026-04-23T04:20:22Z,1010J20218C4a,1010J,,SCHEDULED,60,1.0
2026-04-23T04:20:22Z,1010J20411C4b,1010J,,SCHEDULED,300,5.0
2026-04-23T04:20:22Z,1010J20216C4a,1010J,,SCHEDULED,300,5.0
2026-04-23T04:20:22Z,1010J21100C10,1010J,,SCHEDULED,60,1.0
2026-04-23T04:20:22Z,1010J19510C5,1010J,,SCHEDULED,660,11.0
2026-04-23T04:20:22Z,1010J19512C5,1010J,,SCHEDULED,300,5.0
2026-04-23T04:20:22Z,1010J76811C7,1010J,,SCHEDULED,60,1.0
2026-04-23T04:20:22Z,1010J76813C7,1010J,,SCHEDULED,60,1.0
2026-04-23T04:25:17Z,3010J23504C1,3010J,,SCHEDULED,300,5.0
2026-04-23T04:25:17Z,3010J23701C5,3010J,,SCHEDULED,1080,18.0
2026-04-23T04:25:17Z,3210J23302C1,3210J,,SCHEDULED,180,3.0
2026-04-23T04:25:17Z,3210J23305C1,3210J,,SCHEDULED,60,1.0
2026-04-23T04:25:17Z,4010J76202C1,4010J,,SCHEDULED,180,3.0
2026-04-23T04:25:17Z,4010J76201C1,4010J,,SCHEDULED,240,4.0
2026-04-23T04:25:17Z,4010J36004C2,4010J,,SCHEDULED,60,1.0
2026-04-23T04:25:17Z,5110J77204R2S,5110J,,SCHEDULED,300,5.0
2026-04-23T04:25:17Z,5110J25704R1,5110J,,SCHEDULED,-60,-1.0
2026-04-23T04:25:17Z,5110J77404R4,5110J,,SCHEDULED,240,4.0
2026-04-23T04:25:17Z,5110J77602R4,5110J,,SCHEDULED,300,5.0
2026-04-23T04:25:17Z,5110J78280R2,5110J,,SCHEDULED,60,1.0
2026-04-23T04:25:17Z,5110J78282R2,5110J,,SCHEDULED,180,3.0
2026-04-23T04:25:17Z,5110J77202R2S,5110J,,SCHEDULED,300,5.0
2026-04-23T04:25:17Z,5110J28404R2N,5110J,,SCHEDULED,120,2.0
2026-04-23T04:25:17Z,5110J77310R3,5110J,,SCHEDULED,60,1.0
2026-04-23T04:25:17Z,5110J28408R2N,5110J,,SCHEDULED,-60,-1.0
2026-04-23T04:25:17Z,5110J78201R2S,5110J,,SCHEDULED,300,5.0
2026-04-23T04:25:17Z,6010J26005C2,6010J,,SCHEDULED,180,3.0
2026-04-23T04:25:17Z,6010J26004C2,6010J,,SCHEDULED,60,1.0
2026-04-23T04:25:17Z,6010J26503C3,6010J,,SCHEDULED,60,1.0
2026-04-23T04:25:17Z,6110J32701C1,6110J,,SCHEDULED,60,1.0
2026-04-23T04:25:17Z,6110J32700C1,6110J,,SCHEDULED,480,8.0
2026-04-23T04:25:17Z,6210J71104C2,6210J,,SCHEDULED,420,7.0
2026-04-23T04:25:17Z,1010J78006C3,1010J,,SCHEDULED,60,1.0
2026-04-23T04:25:17Z,1010J78009C3,1010J,,SCHEDULED,60,1.0
2026-04-23T04:25:17Z,1010J20704C5,1010J,,SCHEDULED,120,2.0
2026-04-23T04:25:17Z,1010J76170C10,1010J,,SCHEDULED,240,4.0
2026-04-23T04:25:17Z,1010J75809C7,1010J,,SCHEDULED,120,2.0
2026-04-23T04:25:17Z,1010J75302C10,1010J,,SCHEDULED,180,3.0
2026-04-23T04:25:17Z,1010J19531C5,1010J,,SCHEDULED,120,2.0
2026-04-23T04:25:17Z,1010J20409C4b,1010J,,SCHEDULED,120,2.0
2026-04-23T04:25:17Z,1010J20408C4b,1010J,,SCHEDULED,60,1.0
2026-04-23T04:25:17Z,1010J20407C4b,1010J,,SCHEDULED,300,5.0
2026-04-23T04:25:17Z,1010J20406C4b,1010J,,SCHEDULED,300,5.0
2026-04-23T04:25:17Z,1010J21002C8a,1010J,,SCHEDULED,60,1.0
2026-04-23T04:25:17Z,1010J21001C8a,1010J,,SCHEDULED,60,1.0
2026-04-23T04:25:17Z,1010J75502C2,1010J,,SCHEDULED,180,3.0
2026-04-23T04:25:17Z,1010J19537C5,1010J,,SCHEDULED,60,1.0
2026-04-23T04:25:17Z,1010J75301C10,1010J,,SCHEDULED,-60,-1.0
2026-04-23T04:25:17Z,1010J75500C2,1010J,,SCHEDULED,240,4.0
2026-04-23T04:25:17Z,1010J19805C1,1010J,,SCHEDULED,120,2.0
2026-04-23T04:25:17Z,1010J76280C10,1010J,,SCHEDULED,180,3.0
2026-04-23T04:25:17Z,1010J76800C2,1010J,,SCHEDULED,480,8.0
2026-04-23T04:25:17Z,1010J76804C7,1010J,,SCHEDULED,60,1.0
2026-04-23T04:25:17Z,1010J19527C5,1010J,,SCHEDULED,60,1.0
2026-04-23T04:25:17Z,1010J20212C4a,1010J,,SCHEDULED,120,2.0
2026-04-23T04:25:17Z,1010J20211C4a,1010J,,SCHEDULED,180,3.0
2026-04-23T04:25:17Z,1010J20210C4,1010J,,SCHEDULED,180,3.0
2026-04-23T04:25:17Z,1010J75603C2,1010J,,SCHEDULED,180,3.0
2026-04-23T04:25:17Z,1010J75601C2,1010J,,SCHEDULED,60,1.0
2026-04-23T04:25:17Z,1010J20209C4a,1010J,,SCHEDULED,60,1.0
2026-04-23T04:25:17Z,1010J20208C4,1010J,,SCHEDULED,300,5.0
2026-04-23T04:25:17Z,1010J20216C4a,1010J,,SCHEDULED,300,5.0
2026-04-23T04:25:17Z,1010J20600C8b,1010J,,SCHEDULED,60,1.0
2026-04-23T04:25:17Z,1010J20215C4a,1010J,,SCHEDULED,60,1.0
2026-04-23T04:25:17Z,1010J21501C2,1010J,,SCHEDULED,180,3.0
2026-04-23T04:25:17Z,1010J19510C5,1010J,,SCHEDULED,660,11.0
2026-04-23T04:25:17Z,1010J19512C5,1010J,,SCHEDULED,240,4.0
2026-04-23T04:25:17Z,1010J20220C4a,1010J,,SCHEDULED,-60,-1.0
2026-04-23T04:25:17Z,1010J19518C5,1010J,,SCHEDULED,120,2.0
2026-04-23T04:25:17Z,1010J76813C7,1010J,,SCHEDULED,180,3.0
2026-04-23T04:30:32Z,3010J23505C1,3010J,,SCHEDULED,300,5.0
2026-04-23T04:30:32Z,3010J23801C5,3010J,,SCHEDULED,420,7.0
2026-04-23T04:30:32Z,3210J23305C1,3210J,,SCHEDULED,120,2.0
2026-04-23T04:30:32Z,4010J76206C1,4010J,,SCHEDULED,60,1.0
2026-04-23T04:30:32Z,4010J36003C2,4010J,,SCHEDULED,180,3.0
2026-04-23T04:30:32Z,5110J25402R2N,5110J,,SCHEDULED,120,2.0
2026-04-23T04:30:32Z,5110J25601R1,5110J,,SCHEDULED,240,4.0
2026-04-23T04:30:32Z,5110J28468R2,5110J,,SCHEDULED,60,1.0
2026-04-23T04:30:32Z,5110J25604R1,5110J,,SCHEDULED,60,1.0
2026-04-23T04:30:32Z,5110J77204R2S,5110J,,SCHEDULED,540,9.0
2026-04-23T04:30:32Z,5110J77704R4,5110J,,SCHEDULED,120,2.0
2026-04-23T04:30:32Z,5110J77400R4,5110J,,SCHEDULED,240,4.0
2026-04-23T04:30:32Z,5110J77706R4,5110J,,SCHEDULED,120,2.0
2026-04-23T04:30:32Z,5110J77602R4,5110J,,SCHEDULED,420,7.0
2026-04-23T04:30:32Z,5110J78280R2,5110J,,SCHEDULED,120,2.0
2026-04-23T04:30:32Z,5110J25606R1,5110J,,SCHEDULED,300,5.0
2026-04-23T04:30:32Z,5110J77202R2S,5110J,,SCHEDULED,300,5.0
2026-04-23T04:30:32Z,5110J77310R3,5110J,,SCHEDULED,60,1.0
2026-04-23T04:30:32Z,5110J78201R2S,5110J,,SCHEDULED,300,5.0
2026-04-23T04:30:32Z,5110J77201R2S,5110J,,SCHEDULED,420,7.0
2026-04-23T04:30:32Z,5110J78203R2S,5110J,,SCHEDULED,180,3.0
2026-04-23T04:30:32Z,6010J26005C2,6010J,,SCHEDULED,120,2.0
2026-04-23T04:30:32Z,6010J26601C3,6010J,,SCHEDULED,180,3.0
2026-04-23T04:30:32Z,6010J71500C4,6010J,,SCHEDULED,60,1.0
2026-04-23T04:30:32Z,6110J32702C1,6110J,,SCHEDULED,300,5.0
2026-04-23T04:30:32Z,6110J32701C1,6110J,,SCHEDULED,60,1.0
2026-04-23T04:30:32Z,6110J32700C1,6110J,,SCHEDULED,540,9.0
2026-04-23T04:30:32Z,6210J35902C1,6210J,,SCHEDULED,300,5.0
2026-04-23T04:30:32Z,6210J71151C2,6210J,,SCHEDULED,540,9.0
2026-04-23T04:30:32Z,1010J20706C5,1010J,,SCHEDULED,120,2.0
2026-04-23T04:30:32Z,1010J20704C5,1010J,,SCHEDULED,120,2.0
2026-04-23T04:30:32Z,1010J76170C10,1010J,,SCHEDULED,300,5.0
2026-04-23T04:30:32Z,1010J76172C10,1010J,,SCHEDULED,60,1.0
2026-04-23T04:30:32Z,1010J21508C2,1010J,,SCHEDULED,360,6.0
2026-04-23T04:30:32Z,1010J20417C4b,1010J,,SCHEDULED,60,1.0
2026-04-23T04:30:32Z,1010J21506C2,1010J,,SCHEDULED,60,1.0
2026-04-23T04:30:32Z,1010J75504C2,1010J,,SCHEDULED,60,1.0
2026-04-23T04:30:32Z,1010J21002C8a,1010J,,SCHEDULED,120,2.0
2026-04-23T04:30:32Z,1010J75000C8a,1010J,,SCHEDULED,60,1.0
2026-04-23T04:30:32Z,1010J75502C2,1010J,,SCHEDULED,240,4.0
2026-04-23T04:30:32Z,1010J75501C2,1010J,,SCHEDULED,180,3.0
2026-04-23T04:30:32Z,1010J75500C2,1010J,,SCHEDULED,360,6.0
2026-04-23T04:30:32Z,1010J20413C4b,1010J,,SCHEDULED,120,2.0
2026-04-23T04:30:32Z,1010J78006C3,1010J,,SCHEDULED,120,2.0
2026-04-23T04:30:32Z,1010J78009C3,1010J,,SCHEDULED,60,1.0
2026-04-23T04:30:32Z,1010J76280C10,1010J,,SCHEDULED,600,10.0
2026-04-23T04:30:32Z,1010J20409C4b,1010J,,SCHEDULED,180,3.0
2026-04-23T04:30:32Z,1010J20407C4b,1010J,,SCHEDULED,360,6.0
2026-04-23T04:30:32Z,1010J20402C4b,1010J,,SCHEDULED,60,1.0
2026-04-23T04:30:32Z,1010J20209C4a,1010J,,SCHEDULED,60,1.0
2026-04-23T04:30:32Z,1010J19537C5,1010J,,SCHEDULED,60,1.0
2026-04-23T04:30:32Z,1010J20600C8b,1010J,,SCHEDULED,120,2.0
2026-04-23T04:30:32Z,1010J76800C2,1010J,,SCHEDULED,300,5.0
2026-04-23T04:30:32Z,1010J21501C2,1010J,,SCHEDULED,240,4.0
2026-04-23T04:30:32Z,1010J19807C1,1010J,,SCHEDULED,180,3.0
2026-04-23T04:30:32Z,1010J20411C4b,1010J,,SCHEDULED,180,3.0
2026-04-23T04:30:32Z,1010J19533C5,1010J,,SCHEDULED,60,1.0
2026-04-23T04:30:32Z,1010J19531C5,1010J,,SCHEDULED,180,3.0
2026-04-23T04:30:32Z,1010J20211C4a,1010J,,SCHEDULED,240,4.0
2026-04-23T04:30:32Z,1010J75603C2,1010J,,SCHEDULED,240,4.0
2026-04-23T04:30:32Z,1010J20216C4a,1010J,,SCHEDULED,360,6.0
2026-04-23T04:30:32Z,1010J20215C4a,1010J,,SCHEDULED,240,4.0
2026-04-23T04:30:32Z,1010J19510C5,1010J,,SCHEDULED,720,12.0
2026-04-23T04:30:32Z,1010J19512C5,1010J,,SCHEDULED,300,5.0
2026-04-23T04:30:32Z,1010J20220C4a,1010J,,SCHEDULED,-60,-1.0
2026-04-23T04:30:32Z,1010J19518C5,1010J,,SCHEDULED,120,2.0
2026-04-23T04:30:32Z,1010J76813C7,1010J,,SCHEDULED,240,4.0
2026-04-23T04:35:19Z,3010J23506C1,3010J,,SCHEDULED,480,8.0
2026-04-23T04:35:19Z,3010J23505C1,3010J,,SCHEDULED,300,5.0
2026-04-23T04:35:19Z,3010J23701C5,3010J,,SCHEDULED,1260,21.0
2026-04-23T04:35:19Z,3210J23302C1,3210J,,SCHEDULED,120,2.0
2026-04-23T04:35:19Z,3210J23305C1,3210J,,SCHEDULED,180,3.0
2026-04-23T04:35:19Z,4010J76206C1,4010J,,SCHEDULED,60,1.0
2026-04-23T04:35:19Z,4010J36002C2,4010J,,SCHEDULED,360,6.0
2026-04-23T04:35:19Z,5110J28468R2,5110J,,SCHEDULED,120,2.0
2026-04-23T04:35:19Z,5110J28466R2,5110J,,SCHEDULED,360,6.0
2026-04-23T04:35:19Z,5110J25601R1,5110J,,SCHEDULED,180,3.0
2026-04-23T04:35:19Z,5110J77504R4,5110J,,SCHEDULED,-120,-2.0
2026-04-23T04:35:19Z,5110J77704R4,5110J,,SCHEDULED,180,3.0
2026-04-23T04:35:19Z,5110J77204R2S,5110J,,SCHEDULED,480,8.0
2026-04-23T04:35:19Z,5110J15621RL4,5110J,,SCHEDULED,720,12.0
2026-04-23T04:35:19Z,5110J77400R4,5110J,,SCHEDULED,180,3.0
2026-04-23T04:35:19Z,5110J25606R1,5110J,,SCHEDULED,240,4.0
2026-04-23T04:35:19Z,5110J25706R1,5110J,,SCHEDULED,120,2.0
2026-04-23T04:35:19Z,5110J77203R2S,5110J,,SCHEDULED,120,2.0
2026-04-23T04:35:19Z,5110J77402R4,5110J,,SCHEDULED,60,1.0
2026-04-23T04:35:19Z,5110J28404R2N,5110J,,SCHEDULED,-120,-2.0
2026-04-23T04:35:19Z,5110J28408R2N,5110J,,SCHEDULED,-60,-1.0
2026-04-23T04:35:19Z,6010J71503C4,6010J,,SCHEDULED,120,2.0
2026-04-23T04:35:19Z,6110J30600C1,6110J,,SCHEDULED,960,16.0
2026-04-23T04:35:19Z,6210J71151C2,6210J,,SCHEDULED,600,10.0
2026-04-23T04:35:19Z,1010J21508C2,1010J,,SCHEDULED,420,7.0
2026-04-23T04:35:19Z,1010J20417C4b,1010J,,SCHEDULED,300,5.0
2026-04-23T04:35:19Z,1010J75000C8a,1010J,,SCHEDULED,180,3.0
2026-04-23T04:35:19Z,1010J20413C4b,1010J,,SCHEDULED,180,3.0
2026-04-23T04:35:19Z,1010J78006C3,1010J,,SCHEDULED,60,1.0
2026-04-23T04:35:19Z,1010J78008C3,1010J,,SCHEDULED,60,1.0
2026-04-23T04:35:19Z,1010J20706C5,1010J,,SCHEDULED,180,3.0
2026-04-23T04:35:19Z,1010J76172C10,1010J,,SCHEDULED,120,2.0
2026-04-23T04:35:19Z,1010J35981C2,1010J,,SCHEDULED,60,1.0
2026-04-23T04:35:19Z,1010J75809C7,1010J,,SCHEDULED,60,1.0
2026-04-23T04:35:19Z,1010J19522C5,1010J,,SCHEDULED,120,2.0
2026-04-23T04:35:19Z,1010J20409C4b,1010J,,SCHEDULED,180,3.0
2026-04-23T04:35:19Z,1010J20408C4b,1010J,,SCHEDULED,60,1.0
2026-04-23T04:35:19Z,1010J20406C4b,1010J,,SCHEDULED,240,4.0
2026-04-23T04:35:19Z,1010J78010C3,1010J,,SCHEDULED,120,2.0
2026-04-23T04:35:19Z,1010J75504C2,1010J,,SCHEDULED,120,2.0
2026-04-23T04:35:19Z,1010J21002C8a,1010J,,SCHEDULED,180,3.0
2026-04-23T04:35:19Z,1010J75502C2,1010J,,SCHEDULED,300,5.0
2026-04-23T04:35:19Z,1010J75501C2,1010J,,SCHEDULED,180,3.0
2026-04-23T04:35:19Z,1010J19537C5,1010J,,SCHEDULED,180,3.0
2026-04-23T04:35:19Z,1010J75500C2,1010J,,SCHEDULED,420,7.0
2026-04-23T04:35:19Z,1010J19539C5,1010J,,SCHEDULED,180,3.0
2026-04-23T04:35:19Z,1010J76280C10,1010J,,SCHEDULED,600,10.0
2026-04-23T04:35:19Z,1010J76800C2,1010J,,SCHEDULED,360,6.0
2026-04-23T04:35:19Z,1010J20710C5,1010J,,SCHEDULED,120,2.0
2026-04-23T04:35:19Z,1010J19807C1,1010J,,SCHEDULED,480,8.0
2026-04-23T04:35:19Z,1010J76802C2,1010J,,SCHEDULED,120,2.0
2026-04-23T04:35:19Z,1010J19527C5,1010J,,SCHEDULED,60,1.0
2026-04-23T04:35:19Z,1010J19533C5,1010J,,SCHEDULED,120,2.0
2026-04-23T04:35:19Z,1010J19531C5,1010J,,SCHEDULED,60,1.0
2026-04-23T04:35:19Z,1010J20213C4a,1010J,,SCHEDULED,120,2.0
2026-04-23T04:35:19Z,1010J20208C4,1010J,,SCHEDULED,240,4.0
2026-04-23T04:35:19Z,1010J20212C4a,1010J,,SCHEDULED,120,2.0
2026-04-23T04:35:19Z,1010J75603C2,1010J,,SCHEDULED,300,5.0
2026-04-23T04:35:19Z,1010J20600C8b,1010J,,SCHEDULED,60,1.0
2026-04-23T04:35:19Z,1010J20411C4b,1010J,,SCHEDULED,180,3.0
2026-04-23T04:35:19Z,1010J20218C4a,1010J,,SCHEDULED,60,1.0
2026-04-23T04:35:19Z,1010J20216C4a,1010J,,SCHEDULED,240,4.0
2026-04-23T04:35:19Z,1010J19510C5,1010J,,SCHEDULED,540,9.0
2026-04-23T04:35:19Z,1010J19512C5,1010J,,SCHEDULED,300,5.0
2026-04-23T04:35:19Z,1010J20220C4a,1010J,,SCHEDULED,60,1.0
2026-04-23T04:35:19Z,1010J19518C5,1010J,,SCHEDULED,120,2.0
2026-04-23T04:35:19Z,1010J76811C7,1010J,,SCHEDULED,120,2.0
2026-04-23T04:35:19Z,1010J76813C7,1010J,,SCHEDULED,240,4.0
2026-04-23T04:40:24Z,4010J76202C1,4010J,,SCHEDULED,120,2.0
2026-04-23T04:40:24Z,4010J24300C6,4010J,,SCHEDULED,-60,-1.0
2026-04-23T04:40:24Z,4010J76201C1,4010J,,SCHEDULED,120,2.0
2026-04-23T04:40:24Z,5110J28468R2,5110J,,SCHEDULED,60,1.0
2026-04-23T04:40:24Z,5110J28466R2,5110J,,SCHEDULED,360,6.0
2026-04-23T04:40:24Z,5110J78632R8,5110J,,SCHEDULED,60,1.0
2026-04-23T04:40:24Z,5110J77201R2S,5110J,,SCHEDULED,540,9.0
2026-04-23T04:40:24Z,5110J77706R4,5110J,,SCHEDULED,120,2.0
2026-04-23T04:40:24Z,5110J78282R2,5110J,,SCHEDULED,240,4.0
2026-04-23T04:40:24Z,5110J25703R1,5110J,,SCHEDULED,60,1.0
2026-04-23T04:40:24Z,5110J77203R2S,5110J,,SCHEDULED,180,3.0
2026-04-23T04:40:24Z,5110J77402R4,5110J,,SCHEDULED,60,1.0
2026-04-23T04:40:24Z,5110J77602R4,5110J,,SCHEDULED,180,3.0
2026-04-23T04:40:24Z,5110J78203R2S,5110J,,SCHEDULED,120,2.0
2026-04-23T04:40:24Z,6010J26006C2,6010J,,SCHEDULED,60,1.0
2026-04-23T04:40:24Z,6010J26506C3,6010J,,SCHEDULED,-60,-1.0
2026-04-23T04:40:24Z,6010J71861C4,6010J,,SCHEDULED,60,1.0
2026-04-23T04:40:24Z,6210J71151C2,6210J,,SCHEDULED,600,10.0
2026-04-23T04:40:24Z,1010J20417C4b,1010J,,SCHEDULED,60,1.0
2026-04-23T04:40:24Z,1010J21506C2,1010J,,SCHEDULED,180,3.0
2026-04-23T04:40:24Z,1010J20415C4b,1010J,,SCHEDULED,180,3.0
2026-04-23T04:40:24Z,1010J20414C4b,1010J,,SCHEDULED,-60,-1.0
2026-04-23T04:40:24Z,1010J20413C4b,1010J,,SCHEDULED,300,5.0
2026-04-23T04:40:24Z,1010J78006C3,1010J,,SCHEDULED,60,1.0
2026-04-23T04:40:24Z,1010J78007C3,1010J,,SCHEDULED,60,1.0
2026-04-23T04:40:24Z,1010J75506C2,1010J,,SCHEDULED,120,2.0
2026-04-23T04:40:24Z,1010J21004C8a,1010J,,SCHEDULED,-60,-1.0
2026-04-23T04:40:24Z,1010J75504C2,1010J,,SCHEDULED,240,4.0
2026-04-23T04:40:24Z,1010J75502C2,1010J,,SCHEDULED,360,6.0
2026-04-23T04:40:24Z,1010J75501C2,1010J,,SCHEDULED,360,6.0
2026-04-23T04:40:24Z,1010J75500C2,1010J,,SCHEDULED,360,6.0
2026-04-23T04:40:24Z,1010J20704C5,1010J,,SCHEDULED,60,1.0
2026-04-23T04:40:24Z,1010J76170C10,1010J,,SCHEDULED,420,7.0
2026-04-23T04:40:24Z,1010J20714C5,1010J,,SCHEDULED,120,2.0
2026-04-23T04:40:24Z,1010J76280C10,1010J,,SCHEDULED,660,11.0
2026-04-23T04:40:24Z,1010J35981C2,1010J,,SCHEDULED,60,1.0
2026-04-23T04:40:24Z,1010J20710C5,1010J,,SCHEDULED,120,2.0
2026-04-23T04:40:24Z,1010J75809C7,1010J,,SCHEDULED,180,3.0
2026-04-23T04:40:24Z,1010J19522C5,1010J,,SCHEDULED,120,2.0
2026-04-23T04:40:24Z,1010J75302C10,1010J,,SCHEDULED,360,6.0
2026-04-23T04:40:24Z,1010J20411C4b,1010J,,SCHEDULED,240,4.0
2026-04-23T04:40:24Z,1010J19807C1,1010J,,SCHEDULED,780,13.0
2026-04-23T04:40:24Z,1010J20410C4b,1010J,,SCHEDULED,240,4.0
2026-04-23T04:40:24Z,1010J76802C2,1010J,,SCHEDULED,60,1.0
2026-04-23T04:40:24Z,1010J19528C5,1010J,,SCHEDULED,180,3.0
2026-04-23T04:40:24Z,1010J19527C5,1010J,,SCHEDULED,60,1.0
2026-04-23T04:40:24Z,1010J19533C5,1010J,,SCHEDULED,60,1.0
2026-04-23T04:40:24Z,1010J19541C5,1010J,,SCHEDULED,60,1.0
2026-04-23T04:40:24Z,1010J19531C5,1010J,,SCHEDULED,60,1.0
2026-04-23T04:40:24Z,1010J21508C2,1010J,,SCHEDULED,540,9.0
2026-04-23T04:40:24Z,1010J20214C4,1010J,,SCHEDULED,120,2.0
2026-04-23T04:40:24Z,1010J20406C4b,1010J,,SCHEDULED,240,4.0
2026-04-23T04:40:24Z,1010J20211C4a,1010J,,SCHEDULED,180,3.0
2026-04-23T04:40:24Z,1010J78011C3,1010J,,SCHEDULED,180,3.0
2026-04-23T04:40:24Z,1010J75603C2,1010J,,SCHEDULED,120,2.0
2026-04-23T04:40:24Z,1010J78010C3,1010J,,SCHEDULED,180,3.0
2026-04-23T04:40:24Z,1010J20402C4b,1010J,,SCHEDULED,60,1.0
2026-04-23T04:40:24Z,1010J19537C5,1010J,,SCHEDULED,180,3.0
2026-04-23T04:40:24Z,1010J20218C4a,1010J,,SCHEDULED,180,3.0
2026-04-23T04:40:24Z,1010J20217C4a,1010J,,SCHEDULED,180,3.0
2026-04-23T04:40:24Z,1010J19510C5,1010J,,SCHEDULED,600,10.0
2026-04-23T04:40:24Z,1010J19512C5,1010J,,SCHEDULED,300,5.0
2026-04-23T04:40:24Z,1010J20220C4a,1010J,,SCHEDULED,60,1.0
2026-04-23T04:40:24Z,1010J19518C5,1010J,,SCHEDULED,120,2.0
2026-04-23T04:40:24Z,1010J76813C7,1010J,,SCHEDULED,60,1.0
2026-04-23T04:45:21Z,3010J23507C1,3010J,,SCHEDULED,180,3.0
2026-04-23T04:45:21Z,3010J23703C5,3010J,,SCHEDULED,120,2.0
2026-04-23T04:45:21Z,3010J23701C5,3010J,,SCHEDULED,1440,24.0
2026-04-23T04:45:21Z,3210J23302C1,3210J,,SCHEDULED,120,2.0
2026-04-23T04:45:21Z,4010J76203C1,4010J,,SCHEDULED,240,4.0
2026-04-23T04:45:21Z,4010J36003C2,4010J,,SCHEDULED,180,3.0
2026-04-23T04:45:21Z,4010J76205C1,4010J,,SCHEDULED,60,1.0
2026-04-23T04:45:21Z,5110J77204R2S,5110J,,SCHEDULED,540,9.0
2026-04-23T04:45:21Z,5110J15002R15,5110J,,SCHEDULED,420,7.0
2026-04-23T04:45:21Z,5110J28466R2,5110J,,SCHEDULED,300,5.0
2026-04-23T04:45:21Z,5110J78632R8,5110J,,SCHEDULED,120,2.0
2026-04-23T04:45:21Z,5110J25601R1,5110J,,SCHEDULED,360,6.0
2026-04-23T04:45:21Z,5110J77504R4,5110J,,SCHEDULED,60,1.0
2026-04-23T04:45:21Z,5110J77205R2S,5110J,,SCHEDULED,120,2.0
2026-04-23T04:45:21Z,5110J77404R4,5110J,,SCHEDULED,360,6.0
2026-04-23T04:45:21Z,5110J77602R4,5110J,,SCHEDULED,120,2.0
2026-04-23T04:45:21Z,5110J77704R4,5110J,,SCHEDULED,60,1.0
2026-04-23T04:45:21Z,5110J77406R4,5110J,,SCHEDULED,300,5.0
2026-04-23T04:45:21Z,5110J25705R1,5110J,,SCHEDULED,60,1.0
2026-04-23T04:45:21Z,5110J15770R11,5110J,,SCHEDULED,-60,-1.0
2026-04-23T04:45:21Z,5110J25706R1,5110J,,SCHEDULED,120,2.0
2026-04-23T04:45:21Z,5110J25610R1,5110J,,SCHEDULED,-60,-1.0
2026-04-23T04:45:21Z,5110J28408R2N,5110J,,SCHEDULED,60,1.0
2026-04-23T04:45:21Z,5110J77202R2S,5110J,,SCHEDULED,360,6.0
2026-04-23T04:45:21Z,5110J77201R2S,5110J,,SCHEDULED,660,11.0
2026-04-23T04:45:21Z,5110J77510R4,5110J,,SCHEDULED,180,3.0
2026-04-23T04:45:21Z,5110J78203R2S,5110J,,SCHEDULED,60,1.0
2026-04-23T04:45:21Z,5110J77314R3,5110J,,SCHEDULED,300,5.0
2026-04-23T04:45:21Z,6010J26009C2,6010J,,SCHEDULED,60,1.0
2026-04-23T04:45:21Z,6010J26008C2,6010J,,SCHEDULED,60,1.0
2026-04-23T04:45:21Z,6010J71861C4,6010J,,SCHEDULED,60,1.0
2026-04-23T04:45:21Z,6110J32702C1,6110J,,SCHEDULED,780,13.0
2026-04-23T04:45:21Z,6210J71104C2,6210J,,SCHEDULED,360,6.0
2026-04-23T04:45:21Z,6210J71105C2,6210J,,SCHEDULED,360,6.0
2026-04-23T04:45:21Z,1010J21508C2,1010J,,SCHEDULED,540,9.0
2026-04-23T04:45:21Z,1010J21004C8a,1010J,,SCHEDULED,-60,-1.0
2026-04-23T04:45:21Z,1010J75108C10,1010J,,SCHEDULED,-120,-2.0
2026-04-23T04:45:21Z,1010J21506C2,1010J,,SCHEDULED,300,5.0
2026-04-23T04:45:21Z,1010J75504C2,1010J,,SCHEDULED,240,4.0
2026-04-23T04:45:21Z,1010J75502C2,1010J,,SCHEDULED,540,9.0
2026-04-23T04:45:21Z,1010J75501C2,1010J,,SCHEDULED,360,6.0
2026-04-23T04:45:21Z,1010J20414C4b,1010J,,SCHEDULED,-60,-1.0
2026-04-23T04:45:21Z,1010J75500C2,1010J,,SCHEDULED,420,7.0
2026-04-23T04:45:21Z,1010J20715C5,1010J,,SCHEDULED,120,2.0
2026-04-23T04:45:21Z,1010J20413C4b,1010J,,SCHEDULED,180,3.0
2026-04-23T04:45:21Z,1010J20714C5,1010J,,SCHEDULED,120,2.0
2026-04-23T04:45:21Z,1010J76280C10,1010J,,SCHEDULED,960,16.0
2026-04-23T04:45:21Z,1010J78008C3,1010J,,SCHEDULED,60,1.0
2026-04-23T04:45:21Z,1010J20710C5,1010J,,SCHEDULED,120,2.0
2026-04-23T04:45:21Z,1010J20706C5,1010J,,SCHEDULED,60,1.0
2026-04-23T04:45:21Z,1010J20709C5,1010J,,SCHEDULED,60,1.0
2026-04-23T04:45:21Z,1010J20704C5,1010J,,SCHEDULED,60,1.0
2026-04-23T04:45:21Z,1010J76170C10,1010J,,SCHEDULED,540,9.0
2026-04-23T04:45:21Z,1010J35981C2,1010J,,SCHEDULED,180,3.0
2026-04-23T04:45:21Z,1010J19522C5,1010J,,SCHEDULED,120,2.0
2026-04-23T04:45:21Z,1010J21811C7,1010J,,SCHEDULED,240,4.0
2026-04-23T04:45:21Z,1010J75302C10,1010J,,SCHEDULED,360,6.0
2026-04-23T04:45:21Z,1010J75301C10,1010J,,SCHEDULED,240,4.0
2026-04-23T04:45:21Z,1010J78011C3,1010J,,SCHEDULED,180,3.0
2026-04-23T04:45:21Z,1010J20412C4b,1010J,,SCHEDULED,60,1.0
2026-04-23T04:45:21Z,1010J20411C4b,1010J,,SCHEDULED,300,5.0
2026-04-23T04:45:21Z,1010J78013C3,1010J,,SCHEDULED,300,5.0
2026-04-23T04:45:21Z,1010J20410C4b,1010J,,SCHEDULED,240,4.0
2026-04-23T04:45:21Z,1010J19541C5,1010J,,SCHEDULED,180,3.0
2026-04-23T04:45:21Z,1010J19537C5,1010J,,SCHEDULED,180,3.0
2026-04-23T04:45:21Z,1010J19539C5,1010J,,SCHEDULED,180,3.0
2026-04-23T04:45:21Z,1010J20214C4,1010J,,SCHEDULED,420,7.0
2026-04-23T04:45:21Z,1010J20213C4a,1010J,,SCHEDULED,180,3.0
2026-04-23T04:45:21Z,1010J35975C2,1010J,,SCHEDULED,240,4.0
2026-04-23T04:45:21Z,1010J20211C4a,1010J,,SCHEDULED,120,2.0
2026-04-23T04:45:21Z,1010J75603C2,1010J,,SCHEDULED,180,3.0
2026-04-23T04:45:21Z,1010J76800C2,1010J,,SCHEDULED,420,7.0
2026-04-23T04:45:21Z,1010J76802C2,1010J,,SCHEDULED,240,4.0
2026-04-23T04:45:21Z,1010J76804C7,1010J,,SCHEDULED,300,5.0
2026-04-23T04:45:21Z,1010J19528C5,1010J,,SCHEDULED,240,4.0
2026-04-23T04:45:21Z,1010J19527C5,1010J,,SCHEDULED,60,1.0
2026-04-23T04:45:21Z,1010J19533C5,1010J,,SCHEDULED,60,1.0
2026-04-23T04:45:21Z,1010J19531C5,1010J,,SCHEDULED,60,1.0
2026-04-23T04:45:21Z,1010J19530C5,1010J,,SCHEDULED,60,1.0
2026-04-23T04:45:21Z,1010J20406C4b,1010J,,SCHEDULED,240,4.0
2026-04-23T04:45:21Z,1010J20218C4a,1010J,,SCHEDULED,120,2.0
2026-04-23T04:45:21Z,1010J19510C5,1010J,,SCHEDULED,720,12.0
2026-04-23T04:45:21Z,1010J20222C4a,1010J,,SCHEDULED,60,1.0
2026-04-23T04:45:21Z,1010J19512C5,1010J,,SCHEDULED,180,3.0
2026-04-23T04:45:21Z,1010J76811C7,1010J,,SCHEDULED,120,2.0
2026-04-23T04:45:21Z,1010J76813C7,1010J,,SCHEDULED,180,3.0
2026-04-23T04:45:21Z,1010J75506C2,1010J,,SCHEDULED,60,1.0
2026-04-23T04:50:23Z,3010J23508C1,3010J,,SCHEDULED,120,2.0
2026-04-23T04:50:23Z,3010J23505C1,3010J,,SCHEDULED,480,8.0
2026-04-23T04:50:23Z,3010J23701C5,3010J,,SCHEDULED,1680,28.0
2026-04-23T04:50:23Z,3010J23703C5,3010J,,SCHEDULED,120,2.0
2026-04-23T04:50:23Z,3210J23150C2,3210J,,SCHEDULED,120,2.0
2026-04-23T04:50:23Z,4010J76206C1,4010J,,SCHEDULED,120,2.0
2026-04-23T04:50:23Z,4010J24380C6,4010J,,SCHEDULED,60,1.0
2026-04-23T04:50:23Z,5110J15900R11,5110J,,SCHEDULED,120,2.0
2026-04-23T04:50:23Z,5110J25402R2N,5110J,,SCHEDULED,420,7.0
2026-04-23T04:50:23Z,5110J77504R4,5110J,,SCHEDULED,60,1.0
2026-04-23T04:50:23Z,5110J25601R1,5110J,,SCHEDULED,180,3.0
2026-04-23T04:50:23Z,5110J25608R1,5110J,,SCHEDULED,60,1.0
2026-04-23T04:50:23Z,5110J25706R1,5110J,,SCHEDULED,120,2.0
2026-04-23T04:50:23Z,5110J77206R2S,5110J,,SCHEDULED,180,3.0
2026-04-23T04:50:23Z,5110J77204R2S,5110J,,SCHEDULED,480,8.0
2026-04-23T04:50:23Z,5110J25700R1,5110J,,SCHEDULED,60,1.0
2026-04-23T04:50:23Z,5110J77202R2S,5110J,,SCHEDULED,300,5.0
2026-04-23T04:50:23Z,5110J77312R3,5110J,,SCHEDULED,60,1.0
2026-04-23T04:50:23Z,5110J78203R2S,5110J,,SCHEDULED,120,2.0
2026-04-23T04:50:23Z,5110J28404R2N,5110J,,SCHEDULED,60,1.0
2026-04-23T04:50:23Z,5110J28408R2N,5110J,,SCHEDULED,60,1.0
2026-04-23T04:50:23Z,5110J28406R2N,5110J,,SCHEDULED,120,2.0
2026-04-23T04:50:23Z,5110J77203R2S,5110J,,SCHEDULED,240,4.0
2026-04-23T04:50:23Z,6010J71500C4,6010J,,SCHEDULED,60,1.0
2026-04-23T04:50:23Z,6110J32701C1,6110J,,SCHEDULED,-60,-1.0
2026-04-23T04:50:23Z,6210J35902C1,6210J,,SCHEDULED,300,5.0
2026-04-23T04:50:23Z,1010J75504C2,1010J,,SCHEDULED,240,4.0
2026-04-23T04:50:23Z,1010J21508C2,1010J,,SCHEDULED,360,6.0
2026-04-23T04:50:23Z,1010J21001C8a,1010J,,SCHEDULED,120,2.0
2026-04-23T04:50:23Z,1010J75502C2,1010J,,SCHEDULED,540,9.0
2026-04-23T04:50:23Z,1010J21506C2,1010J,,SCHEDULED,180,3.0
2026-04-23T04:50:23Z,1010J75501C2,1010J,,SCHEDULED,420,7.0
2026-04-23T04:50:23Z,1010J20715C5,1010J,,SCHEDULED,60,1.0
2026-04-23T04:50:23Z,1010J20714C5,1010J,,SCHEDULED,60,1.0
2026-04-23T04:50:23Z,1010J76280C10,1010J,,SCHEDULED,720,12.0
2026-04-23T04:50:23Z,1010J20415C4b,1010J,,SCHEDULED,120,2.0
2026-04-23T04:50:23Z,1010J20720C5,1010J,,SCHEDULED,120,2.0
2026-04-23T04:50:23Z,1010J20414C4b,1010J,,SCHEDULED,-60,-1.0
2026-04-23T04:50:23Z,1010J20413C4b,1010J,,SCHEDULED,240,4.0
2026-04-23T04:50:23Z,1010J21811C7,1010J,,SCHEDULED,60,1.0
2026-04-23T04:50:23Z,1010J20601C8b,1010J,,SCHEDULED,240,4.0
2026-04-23T04:50:23Z,1010J20706C5,1010J,,SCHEDULED,120,2.0
2026-04-23T04:50:23Z,1010J20704C5,1010J,,SCHEDULED,120,2.0
2026-04-23T04:50:23Z,1010J20412C4b,1010J,,SCHEDULED,180,3.0
2026-04-23T04:50:23Z,1010J76170C10,1010J,,SCHEDULED,360,6.0
2026-04-23T04:50:23Z,1010J20411C4b,1010J,,SCHEDULED,360,6.0
2026-04-23T04:50:23Z,1010J19541C5,1010J,,SCHEDULED,300,5.0
2026-04-23T04:50:23Z,1010J35981C2,1010J,,SCHEDULED,240,4.0
2026-04-23T04:50:23Z,1010J27602C8b,1010J,,SCHEDULED,60,1.0
2026-04-23T04:50:23Z,1010J19522C5,1010J,,SCHEDULED,120,2.0
2026-04-23T04:50:23Z,1010J20214C4,1010J,,SCHEDULED,540,9.0
2026-04-23T04:50:23Z,1010J75304C10,1010J,,SCHEDULED,60,1.0
2026-04-23T04:50:23Z,1010J75302C10,1010J,,SCHEDULED,420,7.0
2026-04-23T04:50:23Z,1010J20213C4a,1010J,,SCHEDULED,180,3.0
2026-04-23T04:50:23Z,1010J20211C4a,1010J,,SCHEDULED,120,2.0
2026-04-23T04:50:23Z,1010J20404C4,1010J,,SCHEDULED,240,4.0
2026-04-23T04:50:23Z,1010J78011C3,1010J,,SCHEDULED,480,8.0
2026-04-23T04:50:23Z,1010J78013C3,1010J,,SCHEDULED,300,5.0
2026-04-23T04:50:23Z,1010J20219C4a,1010J,,SCHEDULED,180,3.0
2026-04-23T04:50:23Z,1010J20216C4a,1010J,,SCHEDULED,60,1.0
2026-04-23T04:50:23Z,1010J20215C4a,1010J,,SCHEDULED,120,2.0
2026-04-23T04:50:23Z,1010J19537C5,1010J,,SCHEDULED,300,5.0
2026-04-23T04:50:23Z,1010J19539C5,1010J,,SCHEDULED,180,3.0
2026-04-23T04:50:23Z,1010J19510C5,1010J,,SCHEDULED,600,10.0
2026-04-23T04:50:23Z,1010J75301C10,1010J,,SCHEDULED,120,2.0
2026-04-23T04:50:23Z,1010J20222C4a,1010J,,SCHEDULED,180,3.0
2026-04-23T04:50:23Z,1010J35977C2,1010J,,SCHEDULED,-60,-1.0
2026-04-23T04:50:23Z,1010J19512C5,1010J,,SCHEDULED,180,3.0
2026-04-23T04:50:23Z,1010J35975C2,1010J,,SCHEDULED,240,4.0
2026-04-23T04:50:23Z,1010J76800C2,1010J,,SCHEDULED,540,9.0
2026-04-23T04:50:23Z,1010J76802C2,1010J,,SCHEDULED,300,5.0
2026-04-23T04:50:23Z,1010J76804C7,1010J,,SCHEDULED,300,5.0
2026-04-23T04:50:23Z,1010J19528C5,1010J,,SCHEDULED,300,5.0
2026-04-23T04:50:23Z,1010J76806C7,1010J,,SCHEDULED,420,7.0
2026-04-23T04:50:23Z,1010J19527C5,1010J,,SCHEDULED,60,1.0
2026-04-23T04:50:23Z,1010J19533C5,1010J,,SCHEDULED,60,1.0
2026-04-23T04:50:23Z,1010J19531C5,1010J,,SCHEDULED,120,2.0
2026-04-23T04:50:23Z,1010J76811C7,1010J,,SCHEDULED,120,2.0
2026-04-23T04:50:23Z,1010J19530C5,1010J,,SCHEDULED,120,2.0
2026-04-23T04:50:23Z,1010J76813C7,1010J,,SCHEDULED,240,4.0
2026-04-23T04:50:23Z,1010J75506C2,1010J,,SCHEDULED,180,3.0
2026-04-23T04:50:23Z,1010J21004C8a,1010J,,SCHEDULED,60,1.0
2026-04-23T04:50:23Z,1010J75108C10,1010J,,SCHEDULED,-120,-2.0
2026-04-23T04:55:18Z,3010J23803C5,3010J,,SCHEDULED,120,2.0
2026-04-23T04:55:18Z,3010J23701C5,3010J,,SCHEDULED,1680,28.0
2026-04-23T04:55:18Z,3010J23508C1,3010J,,SCHEDULED,300,5.0
2026-04-23T04:55:18Z,3210J23150C2,3210J,,SCHEDULED,60,1.0
2026-04-23T04:55:18Z,3210J23307C1,3210J,,SCHEDULED,240,4.0
2026-04-23T04:55:18Z,4010J24301C6,4010J,,SCHEDULED,360,6.0
2026-04-23T04:55:18Z,4010J36004C2,4010J,,SCHEDULED,240,4.0
2026-04-23T04:55:18Z,5110J28466R2,5110J,,SCHEDULED,360,6.0
2026-04-23T04:55:18Z,5110J78632R8,5110J,,SCHEDULED,180,3.0
2026-04-23T04:55:18Z,5110J77204R2S,5110J,,SCHEDULED,600,10.0
2026-04-23T04:55:18Z,5110J77706R4,5110J,,SCHEDULED,180,3.0
2026-04-23T04:55:18Z,5110J25606R1,5110J,,SCHEDULED,240,4.0
2026-04-23T04:55:18Z,5110J25701R1,5110J,,SCHEDULED,360,6.0
2026-04-23T04:55:18Z,5110J25700R1,5110J,,SCHEDULED,60,1.0
2026-04-23T04:55:18Z,5110J18120R16,5110J,,SCHEDULED,-60,-1.0
2026-04-23T04:55:18Z,5110J78204R2S,5110J,,SCHEDULED,60,1.0
2026-04-23T04:55:18Z,5110J15772R11,5110J,,SCHEDULED,240,4.0
2026-04-23T04:55:18Z,5110J77510R4,5110J,,SCHEDULED,120,2.0
2026-04-23T04:55:18Z,5110J25610R1,5110J,,SCHEDULED,-60,-1.0
2026-04-23T04:55:18Z,5110J77312R3,5110J,,SCHEDULED,60,1.0
2026-04-23T04:55:18Z,5110J78203R2S,5110J,,SCHEDULED,180,3.0
2026-04-23T04:55:18Z,5110J28406R2N,5110J,,SCHEDULED,60,1.0
2026-04-23T04:55:18Z,5110J77314R3,5110J,,SCHEDULED,60,1.0
2026-04-23T04:55:18Z,5110J78205R2S,5110J,,SCHEDULED,-60,-1.0
2026-04-23T04:55:18Z,5110J77203R2S,5110J,,SCHEDULED,240,4.0
2026-04-23T04:55:18Z,5110J77316R3,5110J,,SCHEDULED,60,1.0
2026-04-23T04:55:18Z,5110J77205R2S,5110J,,SCHEDULED,120,2.0
2026-04-23T04:55:18Z,6010J26008C2,6010J,,SCHEDULED,240,4.0
2026-04-23T04:55:18Z,6010J26109C1,6010J,,SCHEDULED,60,1.0
2026-04-23T04:55:18Z,6010J26006C2,6010J,,SCHEDULED,60,1.0
2026-04-23T04:55:18Z,6110J32700C1,6110J,,SCHEDULED,480,8.0
2026-04-23T04:55:18Z,6110J32701C1,6110J,,SCHEDULED,120,2.0
2026-04-23T04:55:18Z,6110J32702C1,6110J,,SCHEDULED,1080,18.0
2026-04-23T04:55:18Z,6210J35901C1,6210J,,SCHEDULED,60,1.0
2026-04-23T04:55:18Z,6210J71154C2,6210J,,SCHEDULED,300,5.0
2026-04-23T04:55:18Z,4110J84900C2,4110J,,SCHEDULED,3000,50.0
2026-04-23T04:55:18Z,1010J20706C5,1010J,,SCHEDULED,60,1.0
2026-04-23T04:55:18Z,1010J20704C5,1010J,,SCHEDULED,240,4.0
2026-04-23T04:55:18Z,1010J76170C10,1010J,,SCHEDULED,480,8.0
2026-04-23T04:55:18Z,1010J35981C2,1010J,,SCHEDULED,300,5.0
2026-04-23T04:55:18Z,1010J75809C7,1010J,,SCHEDULED,180,3.0
2026-04-23T04:55:18Z,1010J75304C10,1010J,,SCHEDULED,120,2.0
2026-04-23T04:55:18Z,1010J75302C10,1010J,,SCHEDULED,540,9.0
2026-04-23T04:55:18Z,1010J21508C2,1010J,,SCHEDULED,600,10.0
2026-04-23T04:55:18Z,1010J20417C4b,1010J,,SCHEDULED,240,4.0
2026-04-23T04:55:18Z,1010J21506C2,1010J,,SCHEDULED,180,3.0
2026-04-23T04:55:18Z,1010J75001C8a,1010J,,SCHEDULED,60,1.0
2026-04-23T04:55:18Z,1010J20415C4b,1010J,,SCHEDULED,120,2.0
2026-04-23T04:55:18Z,1010J20414C4b,1010J,,SCHEDULED,60,1.0
2026-04-23T04:55:18Z,1010J20413C4b,1010J,,SCHEDULED,240,4.0
2026-04-23T04:55:18Z,1010J78008C3,1010J,,SCHEDULED,60,1.0
2026-04-23T04:55:18Z,1010J78009C3,1010J,,SCHEDULED,240,4.0
2026-04-23T04:55:18Z,1010J20421C4b,1010J,,SCHEDULED,120,2.0
2026-04-23T04:55:18Z,1010J20408C4b,1010J,,SCHEDULED,120,2.0
2026-04-23T04:55:18Z,1010J20406C4b,1010J,,SCHEDULED,60,1.0
2026-04-23T04:55:18Z,1010J20404C4,1010J,,SCHEDULED,540,9.0
2026-04-23T04:55:18Z,1010J78011C3,1010J,,SCHEDULED,480,8.0
2026-04-23T04:55:18Z,1010J75108C10,1010J,,SCHEDULED,-120,-2.0
2026-04-23T04:55:18Z,1010J78010C3,1010J,,SCHEDULED,180,3.0
2026-04-23T04:55:18Z,1010J78013C3,1010J,,SCHEDULED,300,5.0
2026-04-23T04:55:18Z,1010J75502C2,1010J,,SCHEDULED,540,9.0
2026-04-23T04:55:18Z,1010J75501C2,1010J,,SCHEDULED,120,2.0
2026-04-23T04:55:18Z,1010J20715C5,1010J,,SCHEDULED,120,2.0
2026-04-23T04:55:18Z,1010J19537C5,1010J,,SCHEDULED,180,3.0
2026-04-23T04:55:18Z,1010J20714C5,1010J,,SCHEDULED,120,2.0
2026-04-23T04:55:18Z,1010J19539C5,1010J,,SCHEDULED,60,1.0
2026-04-23T04:55:18Z,1010J76280C10,1010J,,SCHEDULED,900,15.0
2026-04-23T04:55:18Z,1010J76282C10,1010J,,SCHEDULED,300,5.0
2026-04-23T04:55:18Z,1010J35977C2,1010J,,SCHEDULED,-60,-1.0
2026-04-23T04:55:18Z,1010J19809C1,1010J,,SCHEDULED,120,2.0
2026-04-23T04:55:18Z,1010J76800C2,1010J,,SCHEDULED,480,8.0
2026-04-23T04:55:18Z,1010J19806C1,1010J,,SCHEDULED,180,3.0
2026-04-23T04:55:18Z,1010J76802C2,1010J,,SCHEDULED,360,6.0
2026-04-23T04:55:18Z,1010J76804C7,1010J,,SCHEDULED,180,3.0
2026-04-23T04:55:18Z,1010J19528C5,1010J,,SCHEDULED,420,7.0
2026-04-23T04:55:18Z,1010J76806C7,1010J,,SCHEDULED,300,5.0
2026-04-23T04:55:18Z,1010J19527C5,1010J,,SCHEDULED,120,2.0
2026-04-23T04:55:18Z,1010J20720C5,1010J,,SCHEDULED,300,5.0
2026-04-23T04:55:18Z,1010J19530C5,1010J,,SCHEDULED,300,5.0
2026-04-23T04:55:18Z,1010J20214C4,1010J,,SCHEDULED,600,10.0
2026-04-23T04:55:18Z,1010J20213C4a,1010J,,SCHEDULED,240,4.0
2026-04-23T04:55:18Z,1010J21811C7,1010J,,SCHEDULED,180,3.0
2026-04-23T04:55:18Z,1010J20601C8b,1010J,,SCHEDULED,180,3.0
2026-04-23T04:55:18Z,1010J20600C8b,1010J,,SCHEDULED,180,3.0
2026-04-23T04:55:18Z,1010J75605C2,1010J,,SCHEDULED,60,1.0
2026-04-23T04:55:18Z,1010J20211C4a,1010J,,SCHEDULED,180,3.0
2026-04-23T04:55:18Z,1010J20719C5,1010J,,SCHEDULED,720,12.0
2026-04-23T04:55:18Z,1010J75603C2,1010J,,SCHEDULED,240,4.0
2026-04-23T04:55:18Z,1010J20412C4b,1010J,,SCHEDULED,60,1.0
2026-04-23T04:55:18Z,1010J20411C4b,1010J,,SCHEDULED,480,8.0
2026-04-23T04:55:18Z,1010J19545C5,1010J,,SCHEDULED,120,2.0
2026-04-23T04:55:18Z,1010J20219C4a,1010J,,SCHEDULED,240,4.0
2026-04-23T04:55:18Z,1010J19540C5,1010J,,SCHEDULED,-60,-1.0
2026-04-23T04:55:18Z,1010J19541C5,1010J,,SCHEDULED,240,4.0
2026-04-23T04:55:18Z,1010J75004C8a,1010J,,SCHEDULED,-60,-1.0
2026-04-23T04:55:18Z,1010J20216C4a,1010J,,SCHEDULED,180,3.0
2026-04-23T04:55:18Z,1010J20215C4a,1010J,,SCHEDULED,120,2.0
2026-04-23T04:55:18Z,1010J19510C5,1010J,,SCHEDULED,780,13.0
2026-04-23T04:55:18Z,1010J19512C5,1010J,,SCHEDULED,120,2.0
2026-04-23T04:55:18Z,1010J20220C4a,1010J,,SCHEDULED,240,4.0
2026-04-23T04:55:18Z,1010J76813C7,1010J,,SCHEDULED,300,5.0
2026-04-23T04:55:18Z,1010J75506C2,1010J,,SCHEDULED,120,2.0
2026-04-23T04:55:18Z,1010J21004C8a,1010J,,SCHEDULED,60,1.0
2026-04-23T05:00:42Z,3010J23506C1,3010J,,SCHEDULED,1860,31.0
2026-04-23T05:00:42Z,3010J23701C5,3010J,,SCHEDULED,1500,25.0
2026-04-23T05:00:42Z,3010J23504C1,3010J,,SCHEDULED,420,7.0
2026-04-23T05:00:42Z,3010J23507C1,3010J,,SCHEDULED,480,8.0
2026-04-23T05:00:42Z,3010J23505C1,3010J,,SCHEDULED,780,13.0
2026-04-23T05:00:42Z,3210J23304C1,3210J,,SCHEDULED,120,2.0
2026-04-23T05:00:42Z,3210J23150C2,3210J,,SCHEDULED,60,1.0
2026-04-23T05:00:42Z,4010J24300C6,4010J,,SCHEDULED,-60,-1.0
2026-04-23T05:00:42Z,4010J36004C2,4010J,,SCHEDULED,120,2.0
2026-04-23T05:00:42Z,5110J28468R2,5110J,,SCHEDULED,60,1.0
2026-04-23T05:00:42Z,5110J77301R3,5110J,,SCHEDULED,240,4.0
2026-04-23T05:00:42Z,5110J28466R2,5110J,,SCHEDULED,480,8.0
2026-04-23T05:00:42Z,5110J77506R4,5110J,,SCHEDULED,60,1.0
2026-04-23T05:00:42Z,5110J77706R4,5110J,,SCHEDULED,120,2.0
2026-04-23T05:00:42Z,5110J25603R1,5110J,,SCHEDULED,-60,-1.0
2026-04-23T05:00:42Z,5110J77204R2S,5110J,,SCHEDULED,600,10.0
2026-04-23T05:00:42Z,5110J25606R1,5110J,,SCHEDULED,240,4.0
2026-04-23T05:00:42Z,5110J28470R2,5110J,,SCHEDULED,120,2.0
2026-04-23T05:00:42Z,5110J77206R2S,5110J,,SCHEDULED,360,6.0
2026-04-23T05:00:42Z,5110J77402R4,5110J,,SCHEDULED,120,2.0
2026-04-23T05:00:42Z,5110J25701R1,5110J,,SCHEDULED,180,3.0
2026-04-23T05:00:42Z,5110J78204R2S,5110J,,SCHEDULED,180,3.0
2026-04-23T05:00:42Z,5110J77406R4,5110J,,SCHEDULED,480,8.0
2026-04-23T05:00:42Z,5110J77312R3,5110J,,SCHEDULED,300,5.0
2026-04-23T05:00:42Z,5110J77314R3,5110J,,SCHEDULED,300,5.0
2026-04-23T05:00:42Z,5110J25610R1,5110J,,SCHEDULED,-60,-1.0
2026-04-23T05:00:42Z,5110J28408R2N,5110J,,SCHEDULED,60,1.0
2026-04-23T05:00:42Z,6010J26008C2,6010J,,SCHEDULED,300,5.0
2026-04-23T05:00:42Z,6010J71571C4,6010J,,SCHEDULED,180,3.0
2026-04-23T05:00:42Z,6010J26508C3,6010J,,SCHEDULED,-60,-1.0
2026-04-23T05:00:42Z,6010J71502C4,6010J,,SCHEDULED,180,3.0
2026-04-23T05:00:42Z,6110J32700C1,6110J,,SCHEDULED,300,5.0
2026-04-23T05:00:42Z,6110J32701C1,6110J,,SCHEDULED,120,2.0
2026-04-23T05:00:42Z,6110J32702C1,6110J,,SCHEDULED,1080,18.0
2026-04-23T05:00:42Z,6110J30600C1,6110J,,SCHEDULED,1080,18.0
2026-04-23T05:00:42Z,6110J35600C1,6110J,,SCHEDULED,60,1.0
2026-04-23T05:00:42Z,6210J71151C2,6210J,,SCHEDULED,420,7.0
2026-04-23T05:00:42Z,6210J35917C1,6210J,,SCHEDULED,120,2.0
2026-04-23T05:00:42Z,4110J84900C2,4110J,,SCHEDULED,3300,55.0
2026-04-23T05:00:42Z,1010J27602C8b,1010J,,SCHEDULED,60,1.0
2026-04-23T05:00:42Z,1010J20415C4b,1010J,,SCHEDULED,120,2.0
2026-04-23T05:00:42Z,1010J20414C4b,1010J,,SCHEDULED,60,1.0
2026-04-23T05:00:42Z,1010J20413C4b,1010J,,SCHEDULED,60,1.0
2026-04-23T05:00:42Z,1010J78009C3,1010J,,SCHEDULED,60,1.0
2026-04-23T05:00:42Z,1010J20421C4b,1010J,,SCHEDULED,300,5.0
2026-04-23T05:00:42Z,1010J19551C5,1010J,,SCHEDULED,120,2.0
2026-04-23T05:00:42Z,1010J20706C5,1010J,,SCHEDULED,60,1.0
2026-04-23T05:00:42Z,1010J20704C5,1010J,,SCHEDULED,240,4.0
2026-04-23T05:00:42Z,1010J76170C10,1010J,,SCHEDULED,480,8.0
2026-04-23T05:00:42Z,1010J76172C10,1010J,,SCHEDULED,60,1.0
2026-04-23T05:00:42Z,1010J75809C7,1010J,,SCHEDULED,240,4.0
2026-04-23T05:00:42Z,1010J75302C10,1010J,,SCHEDULED,480,8.0
2026-04-23T05:00:42Z,1010J35977C2,1010J,,SCHEDULED,-60,-1.0
2026-04-23T05:00:42Z,1010J20404C4,1010J,,SCHEDULED,840,14.0
2026-04-23T05:00:42Z,1010J78010C3,1010J,,SCHEDULED,120,2.0
2026-04-23T05:00:42Z,1010J78013C3,1010J,,SCHEDULED,300,5.0
2026-04-23T05:00:42Z,1010J78015C3,1010J,,SCHEDULED,60,1.0
2026-04-23T05:00:42Z,1010J19537C5,1010J,,SCHEDULED,300,5.0
2026-04-23T05:00:42Z,1010J19811C1,1010J,,SCHEDULED,60,1.0
2026-04-23T05:00:42Z,1010J19539C5,1010J,,SCHEDULED,60,1.0
2026-04-23T05:00:42Z,1010J76800C2,1010J,,SCHEDULED,420,7.0
2026-04-23T05:00:42Z,1010J19806C1,1010J,,SCHEDULED,300,5.0
2026-04-23T05:00:42Z,1010J76802C2,1010J,,SCHEDULED,180,3.0
2026-04-23T05:00:42Z,1010J76804C7,1010J,,SCHEDULED,540,9.0
2026-04-23T05:00:42Z,1010J19528C5,1010J,,SCHEDULED,420,7.0
2026-04-23T05:00:42Z,1010J76806C7,1010J,,SCHEDULED,420,7.0
2026-04-23T05:00:42Z,1010J19527C5,1010J,,SCHEDULED,60,1.0
2026-04-23T05:00:42Z,1010J19533C5,1010J,,SCHEDULED,60,1.0
2026-04-23T05:00:42Z,1010J19531C5,1010J,,SCHEDULED,180,3.0
2026-04-23T05:00:42Z,1010J19530C5,1010J,,SCHEDULED,180,3.0
2026-04-23T05:00:42Z,1010J20406C4b,1010J,,SCHEDULED,120,2.0
2026-04-23T05:00:42Z,1010J75506C2,1010J,,SCHEDULED,60,1.0
2026-04-23T05:00:42Z,1010J21004C8a,1010J,,SCHEDULED,180,3.0
2026-04-23T05:00:42Z,1010J75108C10,1010J,,SCHEDULED,-120,-2.0
2026-04-23T05:00:42Z,1010J75504C2,1010J,,SCHEDULED,240,4.0
2026-04-23T05:00:42Z,1010J75502C2,1010J,,SCHEDULED,660,11.0
2026-04-23T05:00:42Z,1010J75501C2,1010J,,SCHEDULED,180,3.0
2026-04-23T05:00:42Z,1010J20715C5,1010J,,SCHEDULED,180,3.0
2026-04-23T05:00:42Z,1010J76280C10,1010J,,SCHEDULED,840,14.0
2026-04-23T05:00:42Z,1010J76282C10,1010J,,SCHEDULED,360,6.0
2026-04-23T05:00:42Z,1010J20213C4a,1010J,,SCHEDULED,120,2.0
2026-04-23T05:00:42Z,1010J75605C2,1010J,,SCHEDULED,60,1.0
2026-04-23T05:00:42Z,1010J75603C2,1010J,,SCHEDULED,480,8.0
2026-04-23T05:00:42Z,1010J20720C5,1010J,,SCHEDULED,120,2.0
2026-04-23T05:00:42Z,1010J20219C4a,1010J,,SCHEDULED,360,6.0
2026-04-23T05:00:42Z,1010J20601C8b,1010J,,SCHEDULED,300,5.0
2026-04-23T05:00:42Z,1010J20600C8b,1010J,,SCHEDULED,180,3.0
2026-04-23T05:00:42Z,1010J20719C5,1010J,,SCHEDULED,60,1.0
2026-04-23T05:00:42Z,1010J20217C4a,1010J,,SCHEDULED,120,2.0
2026-04-23T05:00:42Z,1010J20216C4a,1010J,,SCHEDULED,120,2.0
2026-04-23T05:00:42Z,1010J20410C4b,1010J,,SCHEDULED,240,4.0
2026-04-23T05:00:42Z,1010J19545C5,1010J,,SCHEDULED,300,5.0
2026-04-23T05:00:42Z,1010J19540C5,1010J,,SCHEDULED,-60,-1.0
2026-04-23T05:00:42Z,1010J19541C5,1010J,,SCHEDULED,300,5.0
2026-04-23T05:00:42Z,1010J20224C4a,1010J,,SCHEDULED,60,1.0
2026-04-23T05:00:42Z,1010J75004C8a,1010J,,SCHEDULED,-60,-1.0
2026-04-23T05:00:42Z,1010J19512C5,1010J,,SCHEDULED,240,4.0
2026-04-23T05:00:42Z,1010J20221C4a,1010J,,SCHEDULED,60,1.0
2026-04-23T05:00:42Z,1010J20220C4a,1010J,,SCHEDULED,180,3.0
2026-04-23T05:00:42Z,1010J76811C7,1010J,,SCHEDULED,60,1.0
2026-04-23T05:00:42Z,1010J76813C7,1010J,,SCHEDULED,300,5.0
2026-04-23T05:00:42Z,1010J76817C7,1010J,,SCHEDULED,-60,-1.0
2026-04-23T05:05:18Z,3010J23505C1,3010J,,SCHEDULED,780,13.0
2026-04-23T05:05:18Z,3010J23507C1,3010J,,SCHEDULED,540,9.0
2026-04-23T05:05:18Z,3010J23508C1,3010J,,SCHEDULED,780,13.0
2026-04-23T05:05:18Z,3010J23509C1,3010J,,SCHEDULED,300,5.0
2026-04-23T05:05:18Z,3210J23307C1,3210J,,SCHEDULED,300,5.0
2026-04-23T05:05:18Z,4010J24302C6,4010J,,SCHEDULED,300,5.0
2026-04-23T05:05:18Z,4010J76206C1,4010J,,SCHEDULED,180,3.0
2026-04-23T05:05:18Z,5110J25600R1,5110J,,SCHEDULED,120,2.0
2026-04-23T05:05:18Z,5110J25601R1,5110J,,SCHEDULED,360,6.0
2026-04-23T05:05:18Z,5110J77204R2S,5110J,,SCHEDULED,600,10.0
2026-04-23T05:05:18Z,5110J15720R11,5110J,,SCHEDULED,300,5.0
2026-04-23T05:05:18Z,5110J77203R2S,5110J,,SCHEDULED,240,4.0
2026-04-23T05:05:18Z,5110J77205R2S,5110J,,SCHEDULED,120,2.0
2026-04-23T05:05:18Z,5110J15772R11,5110J,,SCHEDULED,120,2.0
2026-04-23T05:05:18Z,5110J25612R1,5110J,,SCHEDULED,-60,-1.0
2026-04-23T05:05:18Z,5110J15900R11,5110J,,SCHEDULED,120,2.0
2026-04-23T05:05:18Z,5110J77980R4,5110J,,SCHEDULED,660,11.0
2026-04-23T05:05:18Z,5110J77301R3,5110J,,SCHEDULED,120,2.0
2026-04-23T05:05:18Z,5110J15621RL4,5110J,,SCHEDULED,900,15.0
2026-04-23T05:05:18Z,5110J77506R4,5110J,,SCHEDULED,-120,-2.0
2026-04-23T05:05:18Z,5110J25606R1,5110J,,SCHEDULED,240,4.0
2026-04-23T05:05:18Z,5110J25708R1,5110J,,SCHEDULED,60,1.0
2026-04-23T05:05:18Z,5110J25703R1,5110J,,SCHEDULED,180,3.0
2026-04-23T05:05:18Z,5110J78204R2S,5110J,,SCHEDULED,240,4.0
2026-04-23T05:05:18Z,6010J71502C4,6010J,,SCHEDULED,180,3.0
2026-04-23T05:05:18Z,6110J32701C1,6110J,,SCHEDULED,60,1.0
2026-04-23T05:05:18Z,6110J30600C1,6110J,,SCHEDULED,1020,17.0
2026-04-23T05:05:18Z,6210J35903C1,6210J,,SCHEDULED,360,6.0
2026-04-23T05:05:18Z,4110J84900C2,4110J,,SCHEDULED,3600,60.0
2026-04-23T05:05:18Z,1010J20417C4b,1010J,,SCHEDULED,120,2.0
2026-04-23T05:05:18Z,1010J20413C4b,1010J,,SCHEDULED,240,4.0
2026-04-23T05:05:18Z,1010J20421C4b,1010J,,SCHEDULED,180,3.0
2026-04-23T05:05:18Z,1010J20706C5,1010J,,SCHEDULED,180,3.0
2026-04-23T05:05:18Z,1010J76170C10,1010J,,SCHEDULED,540,9.0
2026-04-23T05:05:18Z,1010J75504C2,1010J,,SCHEDULED,300,5.0
2026-04-23T05:05:18Z,1010J76172C10,1010J,,SCHEDULED,180,3.0
2026-04-23T05:05:18Z,1010J75502C2,1010J,,SCHEDULED,420,7.0
2026-04-23T05:05:18Z,1010J75809C7,1010J,,SCHEDULED,360,6.0
2026-04-23T05:05:18Z,1010J75501C2,1010J,,SCHEDULED,360,6.0
2026-04-23T05:05:18Z,1010J20715C5,1010J,,SCHEDULED,60,1.0
2026-04-23T05:05:18Z,1010J20714C5,1010J,,SCHEDULED,60,1.0
2026-04-23T05:05:18Z,1010J75302C10,1010J,,SCHEDULED,540,9.0
2026-04-23T05:05:18Z,1010J76280C10,1010J,,SCHEDULED,1020,17.0
2026-04-23T05:05:18Z,1010J20406C4b,1010J,,SCHEDULED,180,3.0
2026-04-23T05:05:18Z,1010J78010C3,1010J,,SCHEDULED,180,3.0
2026-04-23T05:05:18Z,1010J76282C10,1010J,,SCHEDULED,420,7.0
2026-04-23T05:05:18Z,1010J78013C3,1010J,,SCHEDULED,120,2.0
2026-04-23T05:05:18Z,1010J78015C3,1010J,,SCHEDULED,240,4.0
2026-04-23T05:05:18Z,1010J76284C10,1010J,,SCHEDULED,60,1.0
2026-04-23T05:05:18Z,1010J20709C5,1010J,,SCHEDULED,120,2.0
2026-04-23T05:05:18Z,1010J20720C5,1010J,,SCHEDULED,240,4.0
2026-04-23T05:05:18Z,1010J19537C5,1010J,,SCHEDULED,120,2.0
2026-04-23T05:05:18Z,1010J19539C5,1010J,,SCHEDULED,60,1.0
2026-04-23T05:05:18Z,1010J19538C5,1010J,,SCHEDULED,180,3.0
2026-04-23T05:05:18Z,1010J20726C5,1010J,,SCHEDULED,120,2.0
2026-04-23T05:05:18Z,1010J35977C2,1010J,,SCHEDULED,-60,-1.0
2026-04-23T05:05:18Z,1010J20723C5,1010J,,SCHEDULED,180,3.0
2026-04-23T05:05:18Z,1010J76800C2,1010J,,SCHEDULED,420,7.0
2026-04-23T05:05:18Z,1010J21811C7,1010J,,SCHEDULED,60,1.0
2026-04-23T05:05:18Z,1010J19806C1,1010J,,SCHEDULED,240,4.0
2026-04-23T05:05:18Z,1010J76802C2,1010J,,SCHEDULED,180,3.0
2026-04-23T05:05:18Z,1010J76804C7,1010J,,SCHEDULED,540,9.0
2026-04-23T05:05:18Z,1010J19528C5,1010J,,SCHEDULED,420,7.0
2026-04-23T05:05:18Z,1010J76806C7,1010J,,SCHEDULED,420,7.0
2026-04-23T05:05:18Z,1010J20601C8b,1010J,,SCHEDULED,420,7.0
2026-04-23T05:05:18Z,1010J20600C8b,1010J,,SCHEDULED,300,5.0
2026-04-23T05:05:18Z,1010J19531C5,1010J,,SCHEDULED,120,2.0
2026-04-23T05:05:18Z,1010J19530C5,1010J,,SCHEDULED,360,6.0
2026-04-23T05:05:18Z,1010J20719C5,1010J,,SCHEDULED,360,6.0
2026-04-23T05:05:18Z,1010J20412C4b,1010J,,SCHEDULED,120,2.0
2026-04-23T05:05:18Z,1010J19540C5,1010J,,SCHEDULED,-60,-1.0
2026-04-23T05:05:18Z,1010J20730C5,1010J,,SCHEDULED,120,2.0
2026-04-23T05:05:18Z,1010J20213C4a,1010J,,SCHEDULED,180,3.0
2026-04-23T05:05:18Z,1010J19541C5,1010J,,SCHEDULED,360,6.0
2026-04-23T05:05:18Z,1010J75605C2,1010J,,SCHEDULED,120,2.0
2026-04-23T05:05:18Z,1010J75004C8a,1010J,,SCHEDULED,-60,-1.0
2026-04-23T05:05:18Z,1010J20419C4b,1010J,,SCHEDULED,300,5.0
2026-04-23T05:05:18Z,1010J27602C8b,1010J,,SCHEDULED,60,1.0
2026-04-23T05:05:18Z,1010J75603C2,1010J,,SCHEDULED,240,4.0
2026-04-23T05:05:18Z,1010J20217C4a,1010J,,SCHEDULED,180,3.0
2026-04-23T05:05:18Z,1010J20215C4a,1010J,,SCHEDULED,60,1.0
2026-04-23T05:05:18Z,1010J20224C4a,1010J,,SCHEDULED,120,2.0
2026-04-23T05:05:18Z,1010J20222C4a,1010J,,SCHEDULED,240,4.0
2026-04-23T05:05:18Z,1010J20221C4a,1010J,,SCHEDULED,120,2.0
2026-04-23T05:05:18Z,1010J76811C7,1010J,,SCHEDULED,120,2.0
2026-04-23T05:05:18Z,1010J76813C7,1010J,,SCHEDULED,180,3.0
2026-04-23T05:05:18Z,1010J76817C7,1010J,,SCHEDULED,-60,-1.0
2026-04-23T05:10:23Z,3010J23510C1,3010J,,SCHEDULED,120,2.0
2026-04-23T05:10:23Z,3010J23504C1,3010J,,SCHEDULED,420,7.0
2026-04-23T05:10:23Z,3010J23506C1,3010J,,SCHEDULED,1860,31.0
2026-04-23T05:10:23Z,3010J23507C1,3010J,,SCHEDULED,600,10.0
2026-04-23T05:10:23Z,4010J24302C6,4010J,,SCHEDULED,180,3.0
2026-04-23T05:10:23Z,4010J24303C6,4010J,,SCHEDULED,180,3.0
2026-04-23T05:10:23Z,5110J28470R2,5110J,,SCHEDULED,120,2.0
2026-04-23T05:10:23Z,5110J77980R4,5110J,,SCHEDULED,660,11.0
2026-04-23T05:10:23Z,5110J28466R2,5110J,,SCHEDULED,660,11.0
2026-04-23T05:10:23Z,5110J25612R1,5110J,,SCHEDULED,-60,-1.0
2026-04-23T05:10:23Z,5110J77706R4,5110J,,SCHEDULED,240,4.0
2026-04-23T05:10:23Z,5110J77203R2S,5110J,,SCHEDULED,360,6.0
2026-04-23T05:10:23Z,5110J77402R4,5110J,,SCHEDULED,-60,-1.0
2026-04-23T05:10:23Z,5110J25708R1,5110J,,SCHEDULED,120,2.0
2026-04-23T05:10:23Z,5110J77205R2S,5110J,,SCHEDULED,180,3.0
2026-04-23T05:10:23Z,5110J77207R2S,5110J,,SCHEDULED,-60,-1.0
2026-04-23T05:10:23Z,5110J77406R4,5110J,,SCHEDULED,420,7.0
2026-04-23T05:10:23Z,5110J77606R4,5110J,,SCHEDULED,120,2.0
2026-04-23T05:10:23Z,5110J78205R2S,5110J,,SCHEDULED,60,1.0
2026-04-23T05:10:23Z,5110J77316R3,5110J,,SCHEDULED,120,2.0
2026-04-23T05:10:23Z,6010J26008C2,6010J,,SCHEDULED,60,1.0
2026-04-23T05:10:23Z,6110J32702C1,6110J,,SCHEDULED,840,14.0
2026-04-23T05:10:23Z,6110J35600C1,6110J,,SCHEDULED,240,4.0
2026-04-23T05:10:23Z,6210J71151C2,6210J,,SCHEDULED,420,7.0
2026-04-23T05:10:23Z,6210J35901C1,6210J,,SCHEDULED,780,13.0
2026-04-23T05:10:23Z,6210J35917C1,6210J,,SCHEDULED,180,3.0
2026-04-23T05:10:23Z,6210J71105C2,6210J,,SCHEDULED,300,5.0
2026-04-23T05:10:23Z,1010J19541C5,1010J,,SCHEDULED,360,6.0
2026-04-23T05:10:23Z,1010J75004C8a,1010J,,SCHEDULED,-60,-1.0
2026-04-23T05:10:23Z,1010J20419C4b,1010J,,SCHEDULED,60,1.0
2026-04-23T05:10:23Z,1010J27602C8b,1010J,,SCHEDULED,120,2.0
2026-04-23T05:10:23Z,1010J20418C4b,1010J,,SCHEDULED,-60,-1.0
2026-04-23T05:10:23Z,1010J20417C4b,1010J,,SCHEDULED,120,2.0
2026-04-23T05:10:23Z,1010J20416C4b,1010J,,SCHEDULED,300,5.0
2026-04-23T05:10:23Z,1010J20415C4b,1010J,,SCHEDULED,60,1.0
2026-04-23T05:10:23Z,1010J75506C2,1010J,,SCHEDULED,120,2.0
2026-04-23T05:10:23Z,1010J75504C2,1010J,,SCHEDULED,420,7.0
2026-04-23T05:10:23Z,1010J20414C4b,1010J,,SCHEDULED,60,1.0
2026-04-23T05:10:23Z,1010J19557C5,1010J,,SCHEDULED,240,4.0
2026-04-23T05:10:23Z,1010J20421C4b,1010J,,SCHEDULED,600,10.0
2026-04-23T05:10:23Z,1010J75502C2,1010J,,SCHEDULED,540,9.0
2026-04-23T05:10:23Z,1010J75501C2,1010J,,SCHEDULED,300,5.0
2026-04-23T05:10:23Z,1010J19551C5,1010J,,SCHEDULED,180,3.0
2026-04-23T05:10:23Z,1010J20715C5,1010J,,SCHEDULED,240,4.0
2026-04-23T05:10:23Z,1010J76280C10,1010J,,SCHEDULED,960,16.0
2026-04-23T05:10:23Z,1010J76282C10,1010J,,SCHEDULED,540,9.0
2026-04-23T05:10:23Z,1010J76284C10,1010J,,SCHEDULED,120,2.0
2026-04-23T05:10:23Z,1010J76170C10,1010J,,SCHEDULED,600,10.0
2026-04-23T05:10:23Z,1010J20709C5,1010J,,SCHEDULED,120,2.0
2026-04-23T05:10:23Z,1010J20720C5,1010J,,SCHEDULED,180,3.0
2026-04-23T05:10:23Z,1010J35981C2,1010J,,SCHEDULED,300,5.0
2026-04-23T05:10:23Z,1010J20726C5,1010J,,SCHEDULED,120,2.0
2026-04-23T05:10:23Z,1010J75304C10,1010J,,SCHEDULED,300,5.0
2026-04-23T05:10:23Z,1010J20601C8b,1010J,,SCHEDULED,900,15.0
2026-04-23T05:10:23Z,1010J20719C5,1010J,,SCHEDULED,420,7.0
2026-04-23T05:10:23Z,1010J35977C2,1010J,,SCHEDULED,180,3.0
2026-04-23T05:10:23Z,1010J20412C4b,1010J,,SCHEDULED,240,4.0
2026-04-23T05:10:23Z,1010J76802C2,1010J,,SCHEDULED,180,3.0
2026-04-23T05:10:23Z,1010J76804C7,1010J,,SCHEDULED,300,5.0
2026-04-23T05:10:23Z,1010J19528C5,1010J,,SCHEDULED,240,4.0
2026-04-23T05:10:23Z,1010J19533C5,1010J,,SCHEDULED,120,2.0
2026-04-23T05:10:23Z,1010J19530C5,1010J,,SCHEDULED,240,4.0
2026-04-23T05:10:23Z,1010J75607C2,1010J,,SCHEDULED,-120,-2.0
2026-04-23T05:10:23Z,1010J20730C5,1010J,,SCHEDULED,240,4.0
2026-04-23T05:10:23Z,1010J78010C3,1010J,,SCHEDULED,120,2.0
2026-04-23T05:10:23Z,1010J78012C3,1010J,,SCHEDULED,60,1.0
2026-04-23T05:10:23Z,1010J78015C3,1010J,,SCHEDULED,240,4.0
2026-04-23T05:10:23Z,1010J75603C2,1010J,,SCHEDULED,480,8.0
2026-04-23T05:10:23Z,1010J78014C3,1010J,,SCHEDULED,120,2.0
2026-04-23T05:10:23Z,1010J19537C5,1010J,,SCHEDULED,300,5.0
2026-04-23T05:10:23Z,1010J19539C5,1010J,,SCHEDULED,120,2.0
2026-04-23T05:10:23Z,1010J20218C4a,1010J,,SCHEDULED,60,1.0
2026-04-23T05:10:23Z,1010J20217C4a,1010J,,SCHEDULED,120,2.0
2026-04-23T05:10:23Z,1010J36404C8b,1010J,,SCHEDULED,60,1.0
2026-04-23T05:10:23Z,1010J20222C4a,1010J,,SCHEDULED,120,2.0
2026-04-23T05:10:23Z,1010J20221C4a,1010J,,SCHEDULED,300,5.0
2026-04-23T05:10:23Z,1010J20228C4a,1010J,,SCHEDULED,-60,-1.0
2026-04-23T05:10:23Z,1010J20226C4a,1010J,,SCHEDULED,180,3.0
2026-04-23T05:10:23Z,1010J76813C7,1010J,,SCHEDULED,120,2.0
2026-04-23T05:10:23Z,1010J76815C7,1010J,,SCHEDULED,120,2.0
2026-04-23T05:10:23Z,1010J76817C7,1010J,,SCHEDULED,-60,-1.0
2026-04-23T05:15:24Z,3010J23510C1,3010J,,SCHEDULED,240,4.0
2026-04-23T05:15:24Z,3010J23506C1,3010J,,SCHEDULED,1920,32.0
2026-04-23T05:15:24Z,3010J23508C1,3010J,,SCHEDULED,720,12.0
2026-04-23T05:15:24Z,3010J23703C5,3010J,,SCHEDULED,1020,17.0
2026-04-23T05:15:24Z,3010J23505C1,3010J,,SCHEDULED,900,15.0
2026-04-23T05:15:24Z,4010J36003C2,4010J,,SCHEDULED,420,7.0
2026-04-23T05:15:24Z,4010J76205C1,4010J,,SCHEDULED,120,2.0
2026-04-23T05:15:24Z,4010J36007C2,4010J,,SCHEDULED,120,2.0
2026-04-23T05:15:24Z,5110J28470R2,5110J,,SCHEDULED,120,2.0
2026-04-23T05:15:24Z,5110J25609R1,5110J,,SCHEDULED,60,1.0
2026-04-23T05:15:24Z,5110J25402R2N,5110J,,SCHEDULED,600,10.0
2026-04-23T05:15:24Z,5110J25601R1,5110J,,SCHEDULED,540,9.0
2026-04-23T05:15:24Z,5110J15620RL4,5110J,,SCHEDULED,2100,35.0
2026-04-23T05:15:24Z,5110J25603R1,5110J,,SCHEDULED,120,2.0
2026-04-23T05:15:24Z,5110J77404R4,5110J,,SCHEDULED,540,9.0
2026-04-23T05:15:24Z,5110J77301R3,5110J,,SCHEDULED,300,5.0
2026-04-23T05:15:24Z,5110J28466R2,5110J,,SCHEDULED,720,12.0
2026-04-23T05:15:24Z,5110J77506R4,5110J,,SCHEDULED,60,1.0
2026-04-23T05:15:24Z,5110J25610R1,5110J,,SCHEDULED,180,3.0
2026-04-23T05:15:24Z,5110J25612R1,5110J,,SCHEDULED,-60,-1.0
2026-04-23T05:15:24Z,5110J25708R1,5110J,,SCHEDULED,120,2.0
2026-04-23T05:15:24Z,5110J77206R2S,5110J,,SCHEDULED,420,7.0
2026-04-23T05:15:24Z,5110J25700R1,5110J,,SCHEDULED,60,1.0
2026-04-23T05:15:24Z,5110J78204R2S,5110J,,SCHEDULED,360,6.0
2026-04-23T05:15:24Z,5110J78600R8,5110J,,SCHEDULED,660,11.0
2026-04-23T05:15:24Z,5110J77510R4,5110J,,SCHEDULED,60,1.0
2026-04-23T05:15:24Z,6010J26508C3,6010J,,SCHEDULED,420,7.0
2026-04-23T05:15:24Z,6010J26604C3,6010J,,SCHEDULED,120,2.0
2026-04-23T05:15:24Z,6010J26009C2,6010J,,SCHEDULED,120,2.0
2026-04-23T05:15:24Z,6110J32703C1,6110J,,SCHEDULED,60,1.0
2026-04-23T05:15:24Z,6110J32771C1,6110J,,SCHEDULED,180,3.0
2026-04-23T05:15:24Z,6110J32700C1,6110J,,SCHEDULED,360,6.0
2026-04-23T05:15:24Z,6110J32701C1,6110J,,SCHEDULED,120,2.0
2026-04-23T05:15:24Z,4110J84900C2,4110J,,SCHEDULED,4200,70.0
2026-04-23T05:15:24Z,1010J20418C4b,1010J,,SCHEDULED,-60,-1.0
2026-04-23T05:15:24Z,1010J20416C4b,1010J,,SCHEDULED,300,5.0
2026-04-23T05:15:24Z,1010J20415C4b,1010J,,SCHEDULED,120,2.0
2026-04-23T05:15:24Z,1010J20414C4b,1010J,,SCHEDULED,60,1.0
2026-04-23T05:15:24Z,1010J19557C5,1010J,,SCHEDULED,420,7.0
2026-04-23T05:15:24Z,1010J20421C4b,1010J,,SCHEDULED,660,11.0
2026-04-23T05:15:24Z,1010J19551C5,1010J,,SCHEDULED,300,5.0
2026-04-23T05:15:24Z,1010J76170C10,1010J,,SCHEDULED,540,9.0
2026-04-23T05:15:24Z,1010J75506C2,1010J,,SCHEDULED,240,4.0
2026-04-23T05:15:24Z,1010J75504C2,1010J,,SCHEDULED,180,3.0
2026-04-23T05:15:24Z,1010J21002C8a,1010J,,SCHEDULED,240,4.0
2026-04-23T05:15:24Z,1010J35981C2,1010J,,SCHEDULED,240,4.0
2026-04-23T05:15:24Z,1010J19522C5,1010J,,SCHEDULED,60,1.0
2026-04-23T05:15:24Z,1010J75502C2,1010J,,SCHEDULED,480,8.0
2026-04-23T05:15:24Z,1010J75304C10,1010J,,SCHEDULED,300,5.0
2026-04-23T05:15:24Z,1010J75501C2,1010J,,SCHEDULED,240,4.0
2026-04-23T05:15:24Z,1010J20715C5,1010J,,SCHEDULED,240,4.0
2026-04-23T05:15:24Z,1010J78011C3,1010J,,SCHEDULED,540,9.0
2026-04-23T05:15:24Z,1010J76280C10,1010J,,SCHEDULED,1140,19.0
2026-04-23T05:15:24Z,1010J78010C3,1010J,,SCHEDULED,120,2.0
2026-04-23T05:15:24Z,1010J78012C3,1010J,,SCHEDULED,60,1.0
2026-04-23T05:15:24Z,1010J76282C10,1010J,,SCHEDULED,420,7.0
2026-04-23T05:15:24Z,1010J78015C3,1010J,,SCHEDULED,180,3.0
2026-04-23T05:15:24Z,1010J78017C3,1010J,,SCHEDULED,60,1.0
2026-04-23T05:15:24Z,1010J20720C5,1010J,,SCHEDULED,240,4.0
2026-04-23T05:15:24Z,1010J19537C5,1010J,,SCHEDULED,300,5.0
2026-04-23T05:15:24Z,1010J19539C5,1010J,,SCHEDULED,120,2.0
2026-04-23T05:15:24Z,1010J19813C1,1010J,,SCHEDULED,120,2.0
2026-04-23T05:15:24Z,1010J19538C5,1010J,,SCHEDULED,120,2.0
2026-04-23T05:15:24Z,1010J20727C5,1010J,,SCHEDULED,240,4.0
2026-04-23T05:15:24Z,1010J20726C5,1010J,,SCHEDULED,120,2.0
2026-04-23T05:15:24Z,1010J20723C5,1010J,,SCHEDULED,120,2.0
2026-04-23T05:15:24Z,1010J21811C7,1010J,,SCHEDULED,120,2.0
2026-04-23T05:15:24Z,1010J35977C2,1010J,,SCHEDULED,60,1.0
2026-04-23T05:15:24Z,1010J20601C8b,1010J,,SCHEDULED,960,16.0
2026-04-23T05:15:24Z,1010J20719C5,1010J,,SCHEDULED,480,8.0
2026-04-23T05:15:24Z,1010J76802C2,1010J,,SCHEDULED,240,4.0
2026-04-23T05:15:24Z,1010J76804C7,1010J,,SCHEDULED,480,8.0
2026-04-23T05:15:24Z,1010J19528C5,1010J,,SCHEDULED,420,7.0
2026-04-23T05:15:24Z,1010J19533C5,1010J,,SCHEDULED,120,2.0
2026-04-23T05:15:24Z,1010J20412C4b,1010J,,SCHEDULED,180,3.0
2026-04-23T05:15:24Z,1010J19530C5,1010J,,SCHEDULED,300,5.0
2026-04-23T05:15:24Z,1010J19540C5,1010J,,SCHEDULED,120,2.0
2026-04-23T05:15:24Z,1010J19541C5,1010J,,SCHEDULED,300,5.0
2026-04-23T05:15:24Z,1010J75607C2,1010J,,SCHEDULED,-120,-2.0
2026-04-23T05:15:24Z,1010J20730C5,1010J,,SCHEDULED,120,2.0
2026-04-23T05:15:24Z,1010J75603C2,1010J,,SCHEDULED,540,9.0
2026-04-23T05:15:24Z,1010J75600C2,1010J,,SCHEDULED,60,1.0
2026-04-23T05:15:24Z,1010J20218C4a,1010J,,SCHEDULED,240,4.0
2026-04-23T05:15:24Z,1010J20217C4a,1010J,,SCHEDULED,60,1.0
2026-04-23T05:15:24Z,1010J76808C7,1010J,,SCHEDULED,60,1.0
2026-04-23T05:15:24Z,1010J20223C4a,1010J,,SCHEDULED,180,3.0
2026-04-23T05:15:24Z,1010J20222C4a,1010J,,SCHEDULED,180,3.0
2026-04-23T05:15:24Z,1010J20221C4a,1010J,,SCHEDULED,360,6.0
2026-04-23T05:15:24Z,1010J20228C4a,1010J,,SCHEDULED,-60,-1.0
2026-04-23T05:15:24Z,1010J20226C4a,1010J,,SCHEDULED,240,4.0
2026-04-23T05:15:24Z,1010J76813C7,1010J,,SCHEDULED,240,4.0
2026-04-23T05:15:24Z,1010J76815C7,1010J,,SCHEDULED,120,2.0
2026-04-23T05:15:24Z,1010J76817C7,1010J,,SCHEDULED,60,1.0
2026-04-23T05:15:24Z,1010J19565C5,1010J,,SCHEDULED,-60,-1.0
2026-04-23T05:20:20Z,3010J23510C1,3010J,,SCHEDULED,180,3.0
2026-04-23T05:20:20Z,3010J23801C5,3010J,,SCHEDULED,1800,30.0
2026-04-23T05:20:20Z,3010J23505C1,3010J,,SCHEDULED,960,16.0
2026-04-23T05:20:20Z,3210J23309C1,3210J,,SCHEDULED,60,1.0
2026-04-23T05:20:20Z,4010J76208C1,4010J,,SCHEDULED,120,2.0
2026-04-23T05:20:20Z,4010J24300C6,4010J,,SCHEDULED,420,7.0
2026-04-23T05:20:20Z,4010J24303C6,4010J,,SCHEDULED,240,4.0
2026-04-23T05:20:20Z,4010J76205C1,4010J,,SCHEDULED,120,2.0
2026-04-23T05:20:20Z,5110J25609R1,5110J,,SCHEDULED,60,1.0
2026-04-23T05:20:20Z,5110J77208R2S,5110J,,SCHEDULED,180,3.0
2026-04-23T05:20:20Z,5110J15620RL4,5110J,,SCHEDULED,2100,35.0
2026-04-23T05:20:20Z,5110J15900R11,5110J,,SCHEDULED,60,1.0
2026-04-23T05:20:20Z,5110J77204R2S,5110J,,SCHEDULED,600,10.0
2026-04-23T05:20:20Z,5110J28470R2,5110J,,SCHEDULED,120,2.0
2026-04-23T05:20:20Z,5110J77980R4,5110J,,SCHEDULED,720,12.0
2026-04-23T05:20:20Z,5110J18121R16,5110J,,SCHEDULED,360,6.0
2026-04-23T05:20:20Z,5110J77301R3,5110J,,SCHEDULED,60,1.0
2026-04-23T05:20:20Z,5110J28466R2,5110J,,SCHEDULED,720,12.0
2026-04-23T05:20:20Z,5110J28408R2N,5110J,,SCHEDULED,240,4.0
2026-04-23T05:20:20Z,5110J15621RL4,5110J,,SCHEDULED,1860,31.0
2026-04-23T05:20:20Z,5110J28406R2N,5110J,,SCHEDULED,120,2.0
2026-04-23T05:20:20Z,5110J77203R2S,5110J,,SCHEDULED,300,5.0
2026-04-23T05:20:20Z,5110J77402R4,5110J,,SCHEDULED,60,1.0
2026-04-23T05:20:20Z,5110J77314R3,5110J,,SCHEDULED,180,3.0
2026-04-23T05:20:20Z,5110J77604R4,5110J,,SCHEDULED,120,2.0
2026-04-23T05:20:20Z,5110J77406R4,5110J,,SCHEDULED,600,10.0
2026-04-23T05:20:20Z,5110J77316R3,5110J,,SCHEDULED,-180,-3.0
2026-04-23T05:20:20Z,6010J26010C2,6010J,,SCHEDULED,180,3.0
2026-04-23T05:20:20Z,6010J26509C3,6010J,,SCHEDULED,60,1.0
2026-04-23T05:20:20Z,6010J71502C4,6010J,,SCHEDULED,180,3.0
2026-04-23T05:20:20Z,6110J32702C1,6110J,,SCHEDULED,1020,17.0
2026-04-23T05:20:20Z,6210J71151C2,6210J,,SCHEDULED,420,7.0
2026-04-23T05:20:20Z,4110J84900C2,4110J,,SCHEDULED,4500,75.0
2026-04-23T05:20:20Z,1010J20418C4b,1010J,,SCHEDULED,-60,-1.0
2026-04-23T05:20:20Z,1010J20416C4b,1010J,,SCHEDULED,480,8.0
2026-04-23T05:20:20Z,1010J20423C4b,1010J,,SCHEDULED,420,7.0
2026-04-23T05:20:20Z,1010J19557C5,1010J,,SCHEDULED,300,5.0
2026-04-23T05:20:20Z,1010J20420C4b,1010J,,SCHEDULED,-60,-1.0
2026-04-23T05:20:20Z,1010J19551C5,1010J,,SCHEDULED,360,6.0
2026-04-23T05:20:20Z,1010J75506C2,1010J,,SCHEDULED,60,1.0
2026-04-23T05:20:20Z,1010J75504C2,1010J,,SCHEDULED,240,4.0
2026-04-23T05:20:20Z,1010J76170C10,1010J,,SCHEDULED,660,11.0
2026-04-23T05:20:20Z,1010J75502C2,1010J,,SCHEDULED,600,10.0
2026-04-23T05:20:20Z,1010J20715C5,1010J,,SCHEDULED,360,6.0
2026-04-23T05:20:20Z,1010J76280C10,1010J,,SCHEDULED,900,15.0
2026-04-23T05:20:20Z,1010J20425C4b,1010J,,SCHEDULED,60,1.0
2026-04-23T05:20:20Z,1010J35981C2,1010J,,SCHEDULED,480,8.0
2026-04-23T05:20:20Z,1010J76282C10,1010J,,SCHEDULED,600,10.0
2026-04-23T05:20:20Z,1010J75304C10,1010J,,SCHEDULED,360,6.0
2026-04-23T05:20:20Z,1010J76284C10,1010J,,SCHEDULED,180,3.0
2026-04-23T05:20:20Z,1010J20720C5,1010J,,SCHEDULED,120,2.0
2026-04-23T05:20:20Z,1010J35977C2,1010J,,SCHEDULED,120,2.0
2026-04-23T05:20:20Z,1010J20727C5,1010J,,SCHEDULED,60,1.0
2026-04-23T05:20:20Z,1010J76802C2,1010J,,SCHEDULED,420,7.0
2026-04-23T05:20:20Z,1010J76804C7,1010J,,SCHEDULED,420,7.0
2026-04-23T05:20:20Z,1010J19528C5,1010J,,SCHEDULED,420,7.0
2026-04-23T05:20:20Z,1010J76806C7,1010J,,SCHEDULED,480,8.0
2026-04-23T05:20:20Z,1010J19530C5,1010J,,SCHEDULED,240,4.0
2026-04-23T05:20:20Z,1010J20723C5,1010J,,SCHEDULED,120,2.0
2026-04-23T05:20:20Z,1010J20406C4b,1010J,,SCHEDULED,300,5.0
2026-04-23T05:20:20Z,1010J21811C7,1010J,,SCHEDULED,120,2.0
2026-04-23T05:20:20Z,1010J20601C8b,1010J,,SCHEDULED,840,14.0
2026-04-23T05:20:20Z,1010J78011C3,1010J,,SCHEDULED,360,6.0
2026-04-23T05:20:20Z,1010J78131C3,1010J,,SCHEDULED,240,4.0
2026-04-23T05:20:20Z,1010J20719C5,1010J,,SCHEDULED,360,6.0
2026-04-23T05:20:20Z,1010J19544C5,1010J,,SCHEDULED,180,3.0
2026-04-23T05:20:20Z,1010J20410C4b,1010J,,SCHEDULED,60,1.0
2026-04-23T05:20:20Z,1010J19540C5,1010J,,SCHEDULED,120,2.0
2026-04-23T05:20:20Z,1010J19541C5,1010J,,SCHEDULED,420,7.0
2026-04-23T05:20:20Z,1010J75004C8a,1010J,,SCHEDULED,60,1.0
2026-04-23T05:20:20Z,1010J19537C5,1010J,,SCHEDULED,360,6.0
2026-04-23T05:20:20Z,1010J20419C4b,1010J,,SCHEDULED,240,4.0
2026-04-23T05:20:20Z,1010J19813C1,1010J,,SCHEDULED,240,4.0
2026-04-23T05:20:20Z,1010J19538C5,1010J,,SCHEDULED,120,2.0
2026-04-23T05:20:20Z,1010J20731C5,1010J,,SCHEDULED,240,4.0
2026-04-23T05:20:20Z,1010J75607C2,1010J,,SCHEDULED,-120,-2.0
2026-04-23T05:20:20Z,1010J20730C5,1010J,,SCHEDULED,180,3.0
2026-04-23T05:20:20Z,1010J75600C2,1010J,,SCHEDULED,240,4.0
2026-04-23T05:20:20Z,1010J20219C4a,1010J,,SCHEDULED,660,11.0
2026-04-23T05:20:20Z,1010J20215C4a,1010J,,SCHEDULED,180,3.0
2026-04-23T05:20:20Z,1010J36404C8b,1010J,,SCHEDULED,60,1.0
2026-04-23T05:20:20Z,1010J76808C7,1010J,,SCHEDULED,60,1.0
2026-04-23T05:20:20Z,1010J20223C4a,1010J,,SCHEDULED,120,2.0
2026-04-23T05:20:20Z,1010J20220C4a,1010J,,SCHEDULED,60,1.0
2026-04-23T05:20:20Z,1010J20226C4a,1010J,,SCHEDULED,360,6.0
2026-04-23T05:20:20Z,1010J76811C7,1010J,,SCHEDULED,120,2.0
2026-04-23T05:20:20Z,1010J76813C7,1010J,,SCHEDULED,240,4.0
2026-04-23T05:20:20Z,1010J76815C7,1010J,,SCHEDULED,240,4.0
2026-04-23T05:20:20Z,1010J76817C7,1010J,,SCHEDULED,60,1.0
2026-04-23T05:20:20Z,1010J19565C5,1010J,,SCHEDULED,-60,-1.0
2026-04-23T05:25:16Z,3010J23515C1,3010J,,SCHEDULED,120,2.0
2026-04-23T05:25:16Z,3010J23512C1,3010J,,SCHEDULED,120,2.0
2026-04-23T05:25:16Z,3010J23507C1,3010J,,SCHEDULED,780,13.0
2026-04-23T05:25:16Z,3010J23703C5,3010J,,SCHEDULED,1500,25.0
2026-04-23T05:25:16Z,3010J23605C4,3010J,,SCHEDULED,600,10.0
2026-04-23T05:25:16Z,3010J23508C1,3010J,,SCHEDULED,780,13.0
2026-04-23T05:25:16Z,3210J23309C1,3210J,,SCHEDULED,60,1.0
2026-04-23T05:25:16Z,3210J23306C1,3210J,,SCHEDULED,120,2.0
2026-04-23T05:25:16Z,4010J24300C6,4010J,,SCHEDULED,540,9.0
2026-04-23T05:25:16Z,4010J24305C6,4010J,,SCHEDULED,-60,-1.0
2026-04-23T05:25:16Z,4010J76206C1,4010J,,SCHEDULED,180,3.0
2026-04-23T05:25:16Z,4010J76208C1,4010J,,SCHEDULED,120,2.0
2026-04-23T05:25:16Z,5110J25603R1,5110J,,SCHEDULED,120,2.0
2026-04-23T05:25:16Z,5110J28470R2,5110J,,SCHEDULED,180,3.0
2026-04-23T05:25:16Z,5110J25616R1,5110J,,SCHEDULED,180,3.0
2026-04-23T05:25:16Z,5110J77301R3,5110J,,SCHEDULED,120,2.0
2026-04-23T05:25:16Z,5110J77708R4,5110J,,SCHEDULED,180,3.0
2026-04-23T05:25:16Z,5110J77205R2S,5110J,,SCHEDULED,60,1.0
2026-04-23T05:25:16Z,5110J25605R1,5110J,,SCHEDULED,60,1.0
2026-04-23T05:25:16Z,5110J77606R4,5110J,,SCHEDULED,240,4.0
2026-04-23T05:25:16Z,5110J77408R4,5110J,,SCHEDULED,240,4.0
2026-04-23T05:25:16Z,5110J25705R1,5110J,,SCHEDULED,120,2.0
2026-04-23T05:25:16Z,5110J25700R1,5110J,,SCHEDULED,-60,-1.0
2026-04-23T05:25:16Z,5110J78204R2S,5110J,,SCHEDULED,180,3.0
2026-04-23T05:25:16Z,5110J30592R14,5110J,,SCHEDULED,120,2.0
2026-04-23T05:25:16Z,5110J78206R2S,5110J,,SCHEDULED,-60,-1.0
2026-04-23T05:25:16Z,5110J77316R3,5110J,,SCHEDULED,180,3.0
2026-04-23T05:25:16Z,5110J77318R3,5110J,,SCHEDULED,120,2.0
2026-04-23T05:25:16Z,5110J25614R1,5110J,,SCHEDULED,-60,-1.0
2026-04-23T05:25:16Z,5110J77402R4,5110J,,SCHEDULED,180,3.0
2026-04-23T05:25:16Z,6010J26010C2,6010J,,SCHEDULED,120,2.0
2026-04-23T05:25:16Z,6010J26012C2,6010J,,SCHEDULED,60,1.0
2026-04-23T05:25:16Z,6010J71504C4,6010J,,SCHEDULED,120,2.0
2026-04-23T05:25:16Z,6010J26604C3,6010J,,SCHEDULED,60,1.0
2026-04-23T05:25:16Z,6110J32702C1,6110J,,SCHEDULED,1080,18.0
2026-04-23T05:25:16Z,6110J32771C1,6110J,,SCHEDULED,60,1.0
2026-04-23T05:25:16Z,6110J30600C1,6110J,,SCHEDULED,1020,17.0
2026-04-23T05:25:16Z,6210J71107C2,6210J,,SCHEDULED,120,2.0
2026-04-23T05:25:16Z,1010J20416C4b,1010J,,SCHEDULED,360,6.0
2026-04-23T05:25:16Z,1010J27603C8b,1010J,,SCHEDULED,420,7.0
2026-04-23T05:25:16Z,1010J21182C10,1010J,,SCHEDULED,120,2.0
2026-04-23T05:25:16Z,1010J20423C4b,1010J,,SCHEDULED,420,7.0
2026-04-23T05:25:16Z,1010J19557C5,1010J,,SCHEDULED,420,7.0
2026-04-23T05:25:16Z,1010J20420C4b,1010J,,SCHEDULED,-60,-1.0
2026-04-23T05:25:16Z,1010J19551C5,1010J,,SCHEDULED,420,7.0
2026-04-23T05:25:16Z,1010J75504C2,1010J,,SCHEDULED,540,9.0
2026-04-23T05:25:16Z,1010J20425C4b,1010J,,SCHEDULED,300,5.0
2026-04-23T05:25:16Z,1010J19563C5,1010J,,SCHEDULED,180,3.0
2026-04-23T05:25:16Z,1010J35981C2,1010J,,SCHEDULED,480,8.0
2026-04-23T05:25:16Z,1010J75501C2,1010J,,SCHEDULED,240,4.0
2026-04-23T05:25:16Z,1010J20715C5,1010J,,SCHEDULED,360,6.0
2026-04-23T05:25:16Z,1010J76280C10,1010J,,SCHEDULED,900,15.0
2026-04-23T05:25:16Z,1010J75306C10,1010J,,SCHEDULED,360,6.0
2026-04-23T05:25:16Z,1010J20714C5,1010J,,SCHEDULED,60,1.0
2026-04-23T05:25:16Z,1010J20230C4a,1010J,,SCHEDULED,-60,-1.0
2026-04-23T05:25:16Z,1010J75304C10,1010J,,SCHEDULED,180,3.0
2026-04-23T05:25:16Z,1010J76282C10,1010J,,SCHEDULED,420,7.0
2026-04-23T05:25:16Z,1010J78131C3,1010J,,SCHEDULED,240,4.0
2026-04-23T05:25:16Z,1010J78013C3,1010J,,SCHEDULED,180,3.0
2026-04-23T05:25:16Z,1010J76284C10,1010J,,SCHEDULED,180,3.0
2026-04-23T05:25:16Z,1010J78014C3,1010J,,SCHEDULED,120,2.0
2026-04-23T05:25:16Z,1010J78017C3,1010J,,SCHEDULED,240,4.0
2026-04-23T05:25:16Z,1010J20720C5,1010J,,SCHEDULED,120,2.0
2026-04-23T05:25:16Z,1010J78019C3,1010J,,SCHEDULED,60,1.0
2026-04-23T05:25:16Z,1010J20727C5,1010J,,SCHEDULED,300,5.0
2026-04-23T05:25:16Z,1010J20726C5,1010J,,SCHEDULED,60,1.0
2026-04-23T05:25:16Z,1010J19537C5,1010J,,SCHEDULED,360,6.0
2026-04-23T05:25:16Z,1010J20723C5,1010J,,SCHEDULED,60,1.0
2026-04-23T05:25:16Z,1010J19539C5,1010J,,SCHEDULED,180,3.0
2026-04-23T05:25:16Z,1010J20601C8b,1010J,,SCHEDULED,960,16.0
2026-04-23T05:25:16Z,1010J19813C1,1010J,,SCHEDULED,180,3.0
2026-04-23T05:25:16Z,1010J20719C5,1010J,,SCHEDULED,420,7.0
2026-04-23T05:25:16Z,1010J19544C5,1010J,,SCHEDULED,180,3.0
2026-04-23T05:25:16Z,1010J20410C4b,1010J,,SCHEDULED,120,2.0
2026-04-23T05:25:16Z,1010J19540C5,1010J,,SCHEDULED,60,1.0
2026-04-23T05:25:16Z,1010J19541C5,1010J,,SCHEDULED,480,8.0
2026-04-23T05:25:16Z,1010J20419C4b,1010J,,SCHEDULED,240,4.0
2026-04-23T05:25:16Z,1010J35977C2,1010J,,SCHEDULED,120,2.0
2026-04-23T05:25:16Z,1010J27602C8b,1010J,,SCHEDULED,60,1.0
2026-04-23T05:25:16Z,1010J20418C4b,1010J,,SCHEDULED,120,2.0
2026-04-23T05:25:16Z,1010J20417C4b,1010J,,SCHEDULED,120,2.0
2026-04-23T05:25:16Z,1010J76802C2,1010J,,SCHEDULED,360,6.0
2026-04-23T05:25:16Z,1010J76804C7,1010J,,SCHEDULED,480,8.0
2026-04-23T05:25:16Z,1010J19528C5,1010J,,SCHEDULED,360,6.0
2026-04-23T05:25:16Z,1010J76806C7,1010J,,SCHEDULED,660,11.0
2026-04-23T05:25:16Z,1010J19810C1,1010J,,SCHEDULED,60,1.0
2026-04-23T05:25:16Z,1010J19530C5,1010J,,SCHEDULED,240,4.0
2026-04-23T05:25:16Z,1010J20731C5,1010J,,SCHEDULED,60,1.0
2026-04-23T05:25:16Z,1010J75607C2,1010J,,SCHEDULED,-120,-2.0
2026-04-23T05:25:16Z,1010J20730C5,1010J,,SCHEDULED,240,4.0
2026-04-23T05:25:16Z,1010J75600C2,1010J,,SCHEDULED,240,4.0
2026-04-23T05:25:16Z,1010J20219C4a,1010J,,SCHEDULED,480,8.0
2026-04-23T05:25:16Z,1010J20734C5,1010J,,SCHEDULED,60,1.0
2026-04-23T05:25:16Z,1010J36404C8b,1010J,,SCHEDULED,60,1.0
2026-04-23T05:25:16Z,1010J20225C4a,1010J,,SCHEDULED,240,4.0
2026-04-23T05:25:16Z,1010J76808C7,1010J,,SCHEDULED,180,3.0
2026-04-23T05:25:16Z,1010J20224C4a,1010J,,SCHEDULED,120,2.0
2026-04-23T05:25:16Z,1010J20223C4a,1010J,,SCHEDULED,360,6.0
2026-04-23T05:25:16Z,1010J20220C4a,1010J,,SCHEDULED,240,4.0
2026-04-23T05:25:16Z,1010J20228C4a,1010J,,SCHEDULED,120,2.0
2026-04-23T05:25:16Z,1010J20226C4a,1010J,,SCHEDULED,360,6.0
2026-04-23T05:25:16Z,1010J76811C7,1010J,,SCHEDULED,240,4.0
2026-04-23T05:25:16Z,1010J76813C7,1010J,,SCHEDULED,360,6.0
2026-04-23T05:25:16Z,1010J76815C7,1010J,,SCHEDULED,180,3.0
2026-04-23T05:25:16Z,1010J76817C7,1010J,,SCHEDULED,120,2.0
2026-04-23T05:25:16Z,1010J19565C5,1010J,,SCHEDULED,-60,-1.0
2026-04-23T05:25:16Z,1010J75506C2,1010J,,SCHEDULED,120,2.0
2026-04-23T05:30:33Z,3010J23703C5,3010J,,SCHEDULED,1380,23.0
2026-04-23T05:30:33Z,3010J23701C5,3010J,,SCHEDULED,1440,24.0
2026-04-23T05:30:33Z,3010J23511C1,3010J,,SCHEDULED,180,3.0
2026-04-23T05:30:33Z,3010J23512C1,3010J,,SCHEDULED,300,5.0
2026-04-23T05:30:33Z,3010J23803C5,3010J,,SCHEDULED,480,8.0
2026-04-23T05:30:33Z,3010J23506C1,3010J,,SCHEDULED,1800,30.0
2026-04-23T05:30:33Z,3210J23309C1,3210J,,SCHEDULED,120,2.0
2026-04-23T05:30:33Z,4010J36006C2,4010J,,SCHEDULED,720,12.0
2026-04-23T05:30:33Z,5110J25402R2N,5110J,,SCHEDULED,660,11.0
2026-04-23T05:30:33Z,5110J77318R3,5110J,,SCHEDULED,60,1.0
2026-04-23T05:30:33Z,5110J25404R2N,5110J,,SCHEDULED,180,3.0
2026-04-23T05:30:33Z,5110J15031R15,5110J,,SCHEDULED,120,2.0
2026-04-23T05:30:33Z,5110J77208R2S,5110J,,SCHEDULED,300,5.0
2026-04-23T05:30:33Z,5110J28470R2,5110J,,SCHEDULED,240,4.0
2026-04-23T05:30:33Z,5110J25710R1,5110J,,SCHEDULED,300,5.0
2026-04-23T05:30:33Z,5110J28564R2,5110J,,SCHEDULED,240,4.0
2026-04-23T05:30:33Z,5110J77404R4,5110J,,SCHEDULED,660,11.0
2026-04-23T05:30:33Z,5110J77980R4,5110J,,SCHEDULED,720,12.0
2026-04-23T05:30:33Z,5110J28466R2,5110J,,SCHEDULED,660,11.0
2026-04-23T05:30:33Z,5110J77406R4,5110J,,SCHEDULED,540,9.0
2026-04-23T05:30:33Z,5110J77606R4,5110J,,SCHEDULED,240,4.0
2026-04-23T05:30:33Z,5110J77506R4,5110J,,SCHEDULED,660,11.0
2026-04-23T05:30:33Z,5110J25610R1,5110J,,SCHEDULED,180,3.0
2026-04-23T05:30:33Z,5110J77708R4,5110J,,SCHEDULED,60,1.0
2026-04-23T05:30:33Z,5110J25705R1,5110J,,SCHEDULED,60,1.0
2026-04-23T05:30:33Z,5110J28410R2N,5110J,,SCHEDULED,180,3.0
2026-04-23T05:30:33Z,6010J26010C2,6010J,,SCHEDULED,120,2.0
2026-04-23T05:30:33Z,6010J71570C4,6010J,,SCHEDULED,60,1.0
2026-04-23T05:30:33Z,6010J26511C3,6010J,,SCHEDULED,60,1.0
2026-04-23T05:30:33Z,6110J32703C1,6110J,,SCHEDULED,60,1.0
2026-04-23T05:30:33Z,6110J32771C1,6110J,,SCHEDULED,60,1.0
2026-04-23T05:30:33Z,6110J30600C1,6110J,,SCHEDULED,1020,17.0
2026-04-23T05:30:33Z,6110J35601C1,6110J,,SCHEDULED,60,1.0
2026-04-23T05:30:33Z,6210J71353C3,6210J,,SCHEDULED,60,1.0
2026-04-23T05:30:33Z,6210J35905C1,6210J,,SCHEDULED,60,1.0
2026-04-23T05:30:33Z,6210J35917C1,6210J,,SCHEDULED,240,4.0
2026-04-23T05:30:33Z,6210J71107C2,6210J,,SCHEDULED,120,2.0
2026-04-23T05:30:33Z,1010J20418C4b,1010J,,SCHEDULED,60,1.0
2026-04-23T05:30:33Z,1010J20416C4b,1010J,,SCHEDULED,240,4.0
2026-04-23T05:30:33Z,1010J27603C8b,1010J,,SCHEDULED,480,8.0
2026-04-23T05:30:33Z,1010J20423C4b,1010J,,SCHEDULED,420,7.0
2026-04-23T05:30:33Z,1010J20422C4b,1010J,,SCHEDULED,-60,-1.0
2026-04-23T05:30:33Z,1010J19557C5,1010J,,SCHEDULED,420,7.0
2026-04-23T05:30:33Z,1010J20421C4b,1010J,,SCHEDULED,1020,17.0
2026-04-23T05:30:33Z,1010J20420C4b,1010J,,SCHEDULED,-60,-1.0
2026-04-23T05:30:33Z,1010J19551C5,1010J,,SCHEDULED,360,6.0
2026-04-23T05:30:33Z,1010J19550C5,1010J,,SCHEDULED,180,3.0
2026-04-23T05:30:33Z,1010J20425C4b,1010J,,SCHEDULED,480,8.0
2026-04-23T05:30:33Z,1010J20232C4a,1010J,,SCHEDULED,-60,-1.0
2026-04-23T05:30:33Z,1010J75306C10,1010J,,SCHEDULED,480,8.0
2026-04-23T05:30:33Z,1010J19530C5,1010J,,SCHEDULED,360,6.0
2026-04-23T05:30:33Z,1010J75506C2,1010J,,SCHEDULED,120,2.0
2026-04-23T05:30:33Z,1010J75504C2,1010J,,SCHEDULED,360,6.0
2026-04-23T05:30:33Z,1010J78014C3,1010J,,SCHEDULED,300,5.0
2026-04-23T05:30:33Z,1010J78017C3,1010J,,SCHEDULED,60,1.0
2026-04-23T05:30:33Z,1010J19563C5,1010J,,SCHEDULED,420,7.0
2026-04-23T05:30:33Z,1010J78019C3,1010J,,SCHEDULED,60,1.0
2026-04-23T05:30:33Z,1010J20715C5,1010J,,SCHEDULED,300,5.0
2026-04-23T05:30:33Z,1010J19815C1,1010J,,SCHEDULED,60,1.0
2026-04-23T05:30:33Z,1010J76280C10,1010J,,SCHEDULED,960,16.0
2026-04-23T05:30:33Z,1010J76284C10,1010J,,SCHEDULED,120,2.0
2026-04-23T05:30:33Z,1010J20230C4a,1010J,,SCHEDULED,-60,-1.0
2026-04-23T05:30:33Z,1010J75304C10,1010J,,SCHEDULED,300,5.0
2026-04-23T05:30:33Z,1010J20720C5,1010J,,SCHEDULED,180,3.0
2026-04-23T05:30:33Z,1010J75303C10,1010J,,SCHEDULED,780,13.0
2026-04-23T05:30:33Z,1010J20727C5,1010J,,SCHEDULED,300,5.0
2026-04-23T05:30:33Z,1010J20726C5,1010J,,SCHEDULED,60,1.0
2026-04-23T05:30:33Z,1010J76802C2,1010J,,SCHEDULED,360,6.0
2026-04-23T05:30:33Z,1010J76804C7,1010J,,SCHEDULED,600,10.0
2026-04-23T05:30:33Z,1010J19528C5,1010J,,SCHEDULED,540,9.0
2026-04-23T05:30:33Z,1010J76806C7,1010J,,SCHEDULED,300,5.0
2026-04-23T05:30:33Z,1010J20723C5,1010J,,SCHEDULED,360,6.0
2026-04-23T05:30:33Z,1010J21811C7,1010J,,SCHEDULED,60,1.0
2026-04-23T05:30:33Z,1010J20601C8b,1010J,,SCHEDULED,1320,22.0
2026-04-23T05:30:33Z,1010J75607C2,1010J,,SCHEDULED,60,1.0
2026-04-23T05:30:33Z,1010J20719C5,1010J,,SCHEDULED,540,9.0
2026-04-23T05:30:33Z,1010J20731C5,1010J,,SCHEDULED,120,2.0
2026-04-23T05:30:33Z,1010J20410C4b,1010J,,SCHEDULED,180,3.0
2026-04-23T05:30:33Z,1010J19540C5,1010J,,SCHEDULED,120,2.0
2026-04-23T05:30:33Z,1010J21186C10,1010J,,SCHEDULED,240,4.0
2026-04-23T05:30:33Z,1010J19541C5,1010J,,SCHEDULED,360,6.0
2026-04-23T05:30:33Z,1010J75605C2,1010J,,SCHEDULED,180,3.0
2026-04-23T05:30:33Z,1010J75004C8a,1010J,,SCHEDULED,120,2.0
2026-04-23T05:30:33Z,1010J20419C4b,1010J,,SCHEDULED,120,2.0
2026-04-23T05:30:33Z,1010J75600C2,1010J,,SCHEDULED,240,4.0
2026-04-23T05:30:33Z,1010J20219C4a,1010J,,SCHEDULED,420,7.0
2026-04-23T05:30:33Z,1010J20734C5,1010J,,SCHEDULED,120,2.0
2026-04-23T05:30:33Z,1010J36404C8b,1010J,,SCHEDULED,480,8.0
2026-04-23T05:30:33Z,1010J20225C4a,1010J,,SCHEDULED,240,4.0
2026-04-23T05:30:33Z,1010J20222C4a,1010J,,SCHEDULED,180,3.0
2026-04-23T05:30:33Z,1010J20221C4a,1010J,,SCHEDULED,660,11.0
2026-04-23T05:30:33Z,1010J20220C4a,1010J,,SCHEDULED,300,5.0
2026-04-23T05:30:33Z,1010J20228C4a,1010J,,SCHEDULED,180,3.0
2026-04-23T05:30:33Z,1010J20226C4a,1010J,,SCHEDULED,420,7.0
2026-04-23T05:30:33Z,1010J76813C7,1010J,,SCHEDULED,360,6.0
2026-04-23T05:30:33Z,1010J76815C7,1010J,,SCHEDULED,120,2.0
2026-04-23T05:30:33Z,1010J19565C5,1010J,,SCHEDULED,-60,-1.0
